DAE,DOY,Water (m/m) L1,NO3-N (kg/ha) L1,NH4-N (kg/ha) L1,Water (m/m) L2,NO3-N (kg/ha) L2,NH4-N (kg/ha) L2,Water (m/m) L3,NO3-N (kg/ha) L3,NH4-N (kg/ha) L3,Water (m/m) L4,NO3-N (kg/ha) L4,NH4-N (kg/ha) L4,Water (m/m) L5,NO3-N (kg/ha) L5,NH4-N (kg/ha) L5,Water (m/m) L6,NO3-N (kg/ha) L6,NH4-N (kg/ha) L6,Water (m/m) L7,NO3-N (kg/ha) L7,NH4-N (kg/ha) L7,Water (m/m) L8,NO3-N (kg/ha) L8,NH4-N (kg/ha) L8,Water (m/m) L9,NO3-N (kg/ha) L9,NH4-N (kg/ha) L9,Water (m/m) L10,NO3-N (kg/ha) L10,NH4-N (kg/ha) L10,Water (m/m) L11,NO3-N (kg/ha) L11,NH4-N (kg/ha) L11,Water (m/m) L12,NO3-N (kg/ha) L12,NH4-N (kg/ha) L12,Water (m/m) L13,NO3-N (kg/ha) L13,NH4-N (kg/ha) L13,Water (m/m) L14,NO3-N (kg/ha) L14,NH4-N (kg/ha) L14,Water (m/m) L15,NO3-N (kg/ha) L15,NH4-N (kg/ha) L15,Mineralized-N (kg/ha) L1,Mineralized-N (kg/ha) L2,Mineralized-N (kg/ha) L3,Mineralized-N (kg/ha) L4,Mineralized-N (kg/ha) L5,Mineralized-N (kg/ha) L6
1,303,0.22068606259342544,0.7443414179025705,0.4327725459968035,0.22068606259342544,30.03349464029072,0.17436204382432624,0.22068606259342544,0.969241364125141,0.2725514023112342,0.22471350805709864,0.419046141564236,0.2709154744253684,0.22062104400907104,0.6299265766573117,0.2989037584676295,0.22467589068343555,0.7678103827435225,0.31630022067651375,0.2287521777894088,0.6452619580037989,0.0,0.09196844723397747,0.3785217267474103,0.0,0.09599646642883072,0.5788668355569375,0.0,0.10007652497659232,0.9142542269507026,0.0,0.104199487405889,1.661385103262035,0.0,0.10835797013217009,2.3456475842093445,0.0,0.1125459931080669,2.6118150452557867,0.0,0.11675869820427293,0.912647307611655,0.0,0.12099212406000998,0.04828030833809489,0.0,0.01953936974089456,0.004433015513266689,0.00441998492652223,0.004321160776814088,0.0043204631798627255,0.004320299951383437
2,304,0.21152742532249358,0.7683837560797089,0.42465251421054157,0.22044771460793555,30.001022437267586,0.05853469170266115,0.220591802788393,0.9788851118993258,0.2660003532641185,0.22471210732822622,0.4334237068833754,0.25995949486395264,0.22062104400907104,0.6444057783510154,0.28784720508460604,0.22467589068343555,0.7822985009006217,0.3052343882314266,0.2287521777894088,0.6452619580037989,0.0,0.09196844723397747,0.3785217267474103,0.0,0.09599646642883072,0.5788668355569375,0.0,0.10007652497659232,0.9142542269507026,0.0,0.104199487405889,1.661385103262035,0.0,0.10835797013217009,2.3456475842093445,0.0,0.1125459931080669,2.6118150452557867,0.0,0.11675869820427293,0.912647307611655,0.0,0.12099212406000998,0.04828030833809489,0.0,0.015922306390876405,0.003535715704701254,0.003506859638113904,0.003424197855649229,0.0034226483106802744,0.0034222857120119418
3,305,0.20705215489561635,0.7855927891715168,0.4192440855378121,0.22032768490537658,29.96536957030845,0.0025480199189637518,0.22054383919356535,0.9855261939610449,0.26165577303641385,0.22471148874642566,0.4431515688010293,0.25267654631261044,0.22062104400907104,0.6541973876944168,0.28049962578037063,0.22467589068343555,0.7920952151651304,0.29788121809801466,0.2287521777894088,0.6452619580037989,0.0,0.09196844723397747,0.3785217267474103,0.0,0.09599646642883072,0.5788668355569375,0.0,0.10007652497659232,0.9142542269507026,0.0,0.104199487405889,1.661385103262035,0.0,0.10835797013217009,2.3456475842093445,0.0,0.1125459931080669,2.6118150452557867,0.0,0.11675869820427293,0.912647307611655,0.0,0.12099212406000998,0.04828030833809489,0.0,0.011800604419078518,0.0025480199189637518,0.0025093885283861144,0.0024461064874044067,0.002444030039166024,0.002443544131096643
4,306,0.20699094499387474,0.7947059803252362,0.4165508964114794,0.22025648517449464,29.910430803180216,0.00135988447138486,0.2205150650422499,0.9889185134893432,0.25946757924686875,0.2247112450950667,0.4481283148615684,0.24899691417933836,0.22062104400907104,0.6592051621181042,0.2767879874076307,0.22467589068343555,0.7971052921532701,0.2941669359041094,0.2287521777894088,0.6452619580037989,0.0,0.09196844723397747,0.3785217267474103,0.0,0.09599646642883072,0.5788668355569375,0.0,0.10007652497659232,0.9142542269507026,0.0,0.104199487405889,1.661385103262035,0.0,0.10835797013217009,2.3456475842093445,0.0,0.1125459931080669,2.6118150452557867,0.0,0.11675869820427293,0.912647307611655,0.0,0.12099212406000998,0.04828030833809489,0.0,0.00642000202738664,0.00135988447138486,0.0013327232104268427,0.0012975944305098292,0.0012961360509474874,0.0012957947942344862
5,307,0.20268782519880138,0.8102027195909043,0.4120556534233487,0.22013469449628761,29.831186182321016,0.00244178477028141,0.22046536549521534,0.9949589868289925,0.2556258156404562,0.22471045061408768,0.4569566511619678,0.24253150933315515,0.22062104400907104,0.6680946267976876,0.27026195845416273,0.22467589068343555,0.8060002052617159,0.28763520578611007,0.2287521777894088,0.6452619580037989,0.0,0.09196844723397747,0.3785217267474103,0.0,0.09599646642883072,0.5788668355569375,0.0,0.10007652497659232,0.9142542269507026,0.0,0.104199487405889,1.661385103262035,0.0,0.10835797013217009,2.3456475842093445,0.0,0.1125459931080669,2.6118150452557867,0.0,0.11675869820427293,0.912647307611655,0.0,0.12099212406000998,0.04828030833809489,0.0,0.011001496277537407,0.00244178477028141,0.002421641811770122,0.002364515846136398,0.002363435726115333,0.0023631829904465105
6,308,0.20034449703590082,0.8241999398925832,0.40820185629246136,0.2200665034739412,29.780508284989,0.0022730281910700767,0.22043717833018156,1.0004832270884438,0.25223394852409575,0.22471019365178163,0.4648859505463958,0.23680921385020332,0.22062104400907104,0.6760784253155111,0.26448496697540463,0.22467589068343555,0.8139891057227089,0.28185294403718686,0.2287521777894088,0.6452619580037989,0.0,0.09196844723397747,0.3785217267474103,0.0,0.09599646642883072,0.5788668355569375,0.0,0.10007652497659232,0.9142542269507026,0.0,0.104199487405889,1.661385103262035,0.0,0.10835797013217009,2.3456475842093445,0.0,0.1125459931080669,2.6118150452557867,0.0,0.11675869820427293,0.912647307611655,0.0,0.12099212406000998,0.04828030833809489,0.0,0.010143423170791551,0.0022730281910700767,0.0022595979305609845,0.0022075264440138877,0.002206807039065435,0.0022066387120697217
7,309,0.19768713369025193,0.8403956053746745,0.40393018353313237,0.2199878141572761,29.727689012962934,0.00266441930632425,0.2204042872612915,1.006747245979525,0.24846743145541558,0.22470977556559618,0.4738258852914101,0.23045379107891087,0.22062104400907104,0.6850789296843696,0.2580688953911286,0.22467589068343555,0.8229952147039408,0.2754310469254805,0.2287521777894088,0.6452619580037989,0.0,0.09196844723397747,0.3785217267474103,0.0,0.09599646642883072,0.5788668355569375,0.0,0.10007652497659232,0.9142542269507026,0.0,0.104199487405889,1.661385103262035,0.0,0.10835797013217009,2.3456475842093445,0.0,0.1125459931080669,2.6118150452557867,0.0,0.11675869820427293,0.912647307611655,0.0,0.12099212406000998,0.04828030833809489,0.0,0.011923992722762247,0.00266441930632425,0.0026468045567282065,0.0025853769222682647,0.0025844327845823663,0.0025842118695255227
8,310,0.21433851793175202,0.8569134560758578,0.399976236133089,0.21987660661412523,29.655932455976103,0.0028498387301582324,0.22035729473522764,1.0131744852162614,0.24466679025164007,0.22470882848276397,0.4830270763912451,0.22402833181647624,0.22062104400907104,0.6943445102672328,0.25158058665680333,0.22467589068343555,0.8322669255983869,0.26893650094611565,0.2287521777894088,0.6452619580037989,0.0,0.09196844723397747,0.3785217267474103,0.0,0.09599646642883072,0.5788668355569375,0.0,0.10007652497659232,0.9142542269507026,0.0,0.104199487405889,1.661385103262035,0.0,0.10835797013217009,2.3456475842093445,0.0,0.1125459931080669,2.6118150452557867,0.0,0.11675869820427293,0.912647307611655,0.0,0.12099212406000998,0.04828030833809489,0.0,0.012563903301139937,0.0028498387301582324,0.0028412929730727695,0.0027777288766998175,0.0027772718485379916,0.002777164915081283
9,311,0.22068606259342544,0.20969227879065222,0.395646882579324,0.22068606259342544,8.800506178561024,0.003218701966545433,0.22068606259342544,21.728655295219824,0.24064177115639576,0.2767238482973498,0.9944321286810386,0.21721458153153067,0.2767238482973498,0.7766918513202672,0.24469903636465584,0.2755032954149097,1.004578885516787,0.2620480743604576,0.2287521777894088,0.6452619580037989,0.0,0.09196844723397747,0.3785217267474103,0.0,0.09599646642883072,0.5788668355569375,0.0,0.10007652497659232,0.9142542269507026,0.0,0.104199487405889,1.661385103262035,0.0,0.10835797013217009,2.3456475842093445,0.0,0.1125459931080669,2.6118150452557867,0.0,0.11675869820427293,0.912647307611655,0.0,0.12099212406000998,0.04828030833809489,0.0,0.014030115742314789,0.003218701966545433,0.00321767041676174,0.003147666914949395,0.003147612863906235,0.0031476002181812205
10,312,0.21941178135928846,0.23344600393097403,0.3864171404454524,0.22056697212799645,8.784871633618902,0.0033152596077791583,0.22063465008847016,21.723592062415776,0.20910771933193506,0.276721566692165,1.0003246550078988,0.21455118944269647,0.2767238482973498,0.7859488531022857,0.23867910107388332,0.2755032954149097,1.013152301680499,0.25671166222506175,0.2287521777894088,0.6452619580037989,0.0,0.09196844723397747,0.3785217267474103,0.0,0.09599646642883072,0.5788668355569375,0.0,0.10007652497659232,0.9142542269507026,0.0,0.104199487405889,1.661385103262035,0.0,0.10835797013217009,2.3456475842093445,0.0,0.1125459931080669,2.6118150452557867,0.0,0.11675869820427293,0.912647307611655,0.0,0.12099212406000998,0.04828030833809489,0.0,0.01452398300645024,0.0033152596077791583,0.0033102544755025947,0.0032373334598208817,0.0032370664912459387,0.0032370040283164316
11,313,0.21777227451813025,0.24702980100091457,0.38143830790507277,0.2205142725933604,8.774423377540923,0.001874546106938405,0.22061158107539444,21.721320459869357,0.18161503644423596,0.27672042637936006,1.0034884903936334,0.21318797125997582,0.2767238482973498,0.7908799667557705,0.23555143105963164,0.2755032954149097,1.0177232178687612,0.25394388648873584,0.2287521777894088,0.6452619580037989,0.0,0.09196844723397747,0.3785217267474103,0.0,0.09599646642883072,0.5788668355569375,0.0,0.10007652497659232,0.9142542269507026,0.0,0.104199487405889,1.661385103262035,0.0,0.10835797013217009,2.3456475842093445,0.0,0.1125459931080669,2.6118150452557867,0.0,0.11675869820427293,0.912647307611655,0.0,0.12099212406000998,0.04828030833809489,0.0,0.00860496452956093,0.001874546106938405,0.001850399091915648,0.0018047393526803013,0.001803443639233196,0.0018031404519361356
12,314,0.2163400695132043,0.258944544833042,0.37721560976553486,0.22046704842935583,8.764452030270276,0.0016414283921113292,0.2205906197035998,21.719256416191335,0.15771718897708661,0.2767192738944232,1.006186118332437,0.21205608707162607,0.2767238482973498,0.7950578337121506,0.2329418903458833,0.2755032954149097,1.02159910792779,0.25163594901031716,0.2287521777894088,0.6452619580037989,0.0,0.09196844723397747,0.3785217267474103,0.0,0.09599646642883072,0.5788668355569375,0.0,0.10007652497659232,0.9142542269507026,0.0,0.104199487405889,1.661385103262035,0.0,0.10835797013217009,2.3456475842093445,0.0,0.1125459931080669,2.6118150452557867,0.0,0.11675869820427293,0.912647307611655,0.0,0.12099212406000998,0.04828030833809489,0.0,0.007692045692589555,0.0016414283921113292,0.0016116923736463663,0.0015699230956552424,0.0015683262426316542,0.001567952580610138
13,315,0.2154162775469262,0.2663616640179482,0.37467345551141806,0.22043594913005846,8.75724360669811,0.0009923907181373544,0.22057660260341702,21.717876210904425,0.13883336351194742,0.27671841697318605,1.007762893742554,0.2114105549353324,0.2767238482973498,0.7974898806576947,0.23144257814645544,0.2755032954149097,1.023856210861138,0.2503112007043256,0.2287521777894088,0.6452619580037989,0.0,0.09196844723397747,0.3785217267474103,0.0,0.09599646642883072,0.5788668355569375,0.0,0.10007652497659232,0.9142542269507026,0.0,0.104199487405889,1.661385103262035,0.0,0.10835797013217009,2.3456475842093445,0.0,0.1125459931080669,2.6118150452557867,0.0,0.11675869820427293,0.912647307611655,0.0,0.12099212406000998,0.04828030833809489,0.0,0.004874964930789349,0.0009923907181373544,0.0009621609711041587,0.0009343591569753136,0.0009327347461163258,0.0009323546273563652
14,316,0.21482146442724545,0.2677465550981017,0.37421049158366404,0.22041470310589395,8.751829602592805,0.00017792422833389765,0.2205668678520719,21.716917689224736,0.12423023127560891,0.2767177556399096,1.0080354060412116,0.21130004546022213,0.2767238482973498,0.7979124395105341,0.23118400145711338,0.2755032954149097,1.024248332964938,0.250082960350454,0.2287521777894088,0.6452619580037989,0.0,0.09196844723397747,0.3785217267474103,0.0,0.09599646642883072,0.5788668355569375,0.0,0.10007652497659232,0.9142542269507026,0.0,0.104199487405889,1.661385103262035,0.0,0.10835797013217009,2.3456475842093445,0.0,0.1125459931080669,2.6118150452557867,0.0,0.11675869820427293,0.912647307611655,0.0,0.12099212406000998,0.04828030833809489,0.0,0.0009219271523994716,0.00017792422833389765,0.00016992938647616347,0.0001644112961618365,0.0001639821634974277,0.00016388174992843893
15,317,0.21321952785520773,0.27002253663938164,0.3734517993671066,0.22035648853292095,8.741617249034562,0.000284569144000515,0.22053990703090431,21.714262814005043,0.10276777462863214,0.2767157318371094,1.0084622876445422,0.21112587844724223,0.2767238482973498,0.7985788330315551,0.23077688033499152,0.2755032954149097,1.02486674501626,0.24972363007684564,0.2287521777894088,0.6452619580037989,0.0,0.09196844723397747,0.3785217267474103,0.0,0.09599646642883072,0.5788668355569375,0.0,0.10007652497659232,0.9142542269507026,0.0,0.104199487405889,1.661385103262035,0.0,0.10835797013217009,2.3456475842093445,0.0,0.1125459931080669,2.6118150452557867,0.0,0.11675869820427293,0.912647307611655,0.0,0.12099212406000998,0.04828030833809489,0.0,0.001517289324722544,0.000284569144000515,0.0002694083824814149,0.0002600870113687418,0.0002592723988990225,0.00025908177771386806
16,318,0.21423120141601618,0.2716240492743455,0.3729215513034708,0.22030046256102015,8.730668550093045,0.00021000619793366847,0.22051355886555318,21.711668275192807,0.07828032688301073,0.27671354205579185,1.0087792618492395,0.21099609144175052,0.2767238482973498,0.7990774935992441,0.2304729303874707,0.2755032954149097,1.0253296412038306,0.2494553375576813,0.2287521777894088,0.6452619580037989,0.0,0.09196844723397747,0.3785217267474103,0.0,0.09599646642883072,0.5788668355569375,0.0,0.10007652497659232,0.9142542269507026,0.0,0.104199487405889,1.661385103262035,0.0,0.10835797013217009,2.3456475842093445,0.0,0.1125459931080669,2.6118150452557867,0.0,0.11675869820427293,0.912647307611655,0.0,0.12099212406000998,0.04828030833809489,0.0,0.0010712645713280987,0.00021000619793366847,0.00020148957039969268,0.00019516769723456235,0.00019471062016820543,0.00019460366840611548
17,319,0.21167130067098194,0.27281106987071596,0.3725304050221156,0.22020065611500036,8.713421315873243,0.0001805519963279256,0.22046596381562467,21.706981075782497,0.040812092905595766,0.2767091736005177,1.0090557695763778,0.21087964746375934,0.2767238482973498,0.7995268953110851,0.2301994895291671,0.2755032954149097,1.0257470683976042,0.24921386451026037,0.2287521777894088,0.6452619580037989,0.0,0.09196844723397747,0.3785217267474103,0.0,0.09599646642883072,0.5788668355569375,0.0,0.10007652497659232,0.9142542269507026,0.0,0.104199487405889,1.661385103262035,0.0,0.10835797013217009,2.3456475842093445,0.0,0.1125459931080669,2.6118150452557867,0.0,0.11675869820427293,0.912647307611655,0.0,0.12099212406000998,0.04828030833809489,0.0,0.0007958743150153165,0.0001805519963279256,0.00018001552906400049,0.00017598952070539347,0.00017596085353755928,0.00017595414635274858
18,320,0.21000917293530716,0.2743393676295368,0.37202825191058747,0.22013362683872256,8.69848807627413,0.0002238107291581522,0.22043344606203585,21.703778919873812,0.00550358820401871,0.27670587394240037,1.0094013436493847,0.21073761875579905,0.2767238482973498,0.8000756641373385,0.22986614890081858,0.2755032954149097,1.0262567937397395,0.2489195322838646,0.2287521777894088,0.6452619580037989,0.0,0.09196844723397747,0.3785217267474103,0.0,0.09599646642883072,0.5788668355569375,0.0,0.10007652497659232,0.9142542269507026,0.0,0.104199487405889,1.661385103262035,0.0,0.10835797013217009,2.3456475842093445,0.0,0.1125459931080669,2.6118150452557867,0.0,0.11675869820427293,0.912647307611655,0.0,0.12099212406000998,0.04828030833809489,0.0,0.001026144647292691,0.0002238107291581522,0.00022101135900717695,0.00021557813837945694,0.0002154281979047653,0.0002153931157395402
19,321,0.21082573824309161,0.2802840260693772,0.37007435477031003,0.22006471270103342,8.683869596680008,0.0008089557895564536,0.22039947317483924,21.670661305236354,0.0007834205325427163,0.27670207151646786,1.0106477535872158,0.2102379111340488,0.2767238482973498,0.802001458959998,0.22869955580788182,0.2755032954149097,1.0280459041826198,0.2478893025850415,0.2287521777894088,0.6452619580037989,0.0,0.09196844723397747,0.3785217267474103,0.0,0.09599646642883072,0.5788668355569375,0.0,0.10007652497659232,0.9142542269507026,0.0,0.104199487405889,1.661385103262035,0.0,0.10835797013217009,2.3456475842093445,0.0,0.1125459931080669,2.6118150452557867,0.0,0.11675869820427293,0.912647307611655,0.0,0.12099212406000998,0.04828030833809489,0.0,0.003990761299562962,0.0008089557895564536,0.0007834205325427163,0.0007605734585133696,0.0007592017297227887,0.0007588807440571523
20,322,0.21582703409784532,0.28735086969532664,0.3677864671319067,0.22006067638369187,8.678813670158387,0.0010136324273316525,0.22039728037441167,21.652879263195935,0.0009937495207165575,0.27670178439988863,1.0122384351882279,0.20961382360538122,0.2767238482973498,0.804425858264242,0.22724173233621825,0.2755032954149097,1.030299888415509,0.24660164453341588,0.2287521777894088,0.6452619580037989,0.0,0.09196844723397747,0.3785217267474103,0.0,0.09599646642883072,0.5788668355569375,0.0,0.10007652497659232,0.9142542269507026,0.0,0.104199487405889,1.661385103262035,0.0,0.10835797013217009,2.3456475842093445,0.0,0.1125459931080669,2.6118150452557867,0.0,0.11675869820427293,0.912647307611655,0.0,0.12099212406000998,0.04828030833809489,0.0,0.0047789559875460975,0.0010136324273316525,0.0009937495207165575,0.0009676427599287431,0.0009665758325803965,0.0009663261812636064
21,323,0.22068606259342544,0.24418483173824554,0.36510052574723934,0.22068606259342544,7.282057050515642,0.0012916939822266273,0.22068606259342544,19.505063677605566,0.0012841209256783835,0.2767238482973498,4.393582328976007,0.20882331984746158,0.2767238482973498,0.8342764539920254,0.2253946938968903,0.2767238482973498,1.0079875696352278,0.24496983288407667,0.2633191660508802,0.7748942348133486,0.0,0.09196844723397747,0.3785217267474103,0.0,0.09599646642883072,0.5788668355569375,0.0,0.10007652497659232,0.9142542269507026,0.0,0.104199487405889,1.661385103262035,0.0,0.10835797013217009,2.3456475842093445,0.0,0.1125459931080669,2.6118150452557867,0.0,0.11675869820427293,0.912647307611655,0.0,0.12099212406000998,0.04828030833809489,0.0,0.005762860554242484,0.0012916939822266273,0.0012841209256783835,0.0012545433009178242,0.0012541378794660883,0.0012540430210175402
22,324,0.2136299946015697,0.26121681291642423,0.35954536328853903,0.2203806331244721,7.253781084421211,0.0025478247656091878,0.22052882328023318,19.382430389746958,0.0025268640237070925,0.2767005236580373,4.393211969275352,0.2112905884959317,0.2767238482973498,0.84009755367832,0.2220397387669357,0.2767238482973498,1.0137073142992072,0.24171596975052945,0.2633191660508802,0.7748942348133486,0.0,0.09196844723397747,0.3785217267474103,0.0,0.09599646642883072,0.5788668355569375,0.0,0.10007652497659232,0.9142542269507026,0.0,0.104199487405889,1.661385103262035,0.0,0.10835797013217009,2.3456475842093445,0.0,0.1125459931080669,2.6118150452557867,0.0,0.11675869820427293,0.912647307611655,0.0,0.12099212406000998,0.04828030833809489,0.0,0.011476818719478345,0.0025478247656091878,0.0025268640237070925,0.0024672686484701165,0.0024661445563398665,0.002465881530432078
23,325,0.213530178231929,0.2722594803124044,0.3561355618454718,0.22037614927811142,7.245967343085506,0.001640716041726871,0.22052638586692333,19.32340745735542,0.001614040851837235,0.27670011299556674,4.393205449121597,0.21286351313108579,0.2767238482973498,0.8436886563947987,0.22002012872599946,0.2767238482973498,1.0172363500034334,0.2397580916495047,0.2633191660508802,0.7748942348133486,0.0,0.09196844723397747,0.3785217267474103,0.0,0.09599646642883072,0.5788668355569375,0.0,0.10007652497659232,0.9142542269507026,0.0,0.104199487405889,1.661385103262035,0.0,0.10835797013217009,2.3456475842093445,0.0,0.1125459931080669,2.6118150452557867,0.0,0.11675869820427293,0.912647307611655,0.0,0.12099212406000998,0.04828030833809489,0.0,0.007632865952912955,0.001640716041726871,0.001614040851837235,0.0015729246351540737,0.0015714926755425538,0.0015711576032014787
24,326,0.22068606259342544,0.26955572854025056,0.3549947975460475,0.22068606259342544,7.091429144548631,0.0005715951099381202,0.22068606259342544,19.04165092409835,0.0005592449450374475,0.2767238482973498,4.719731904554163,0.21340780109524302,0.2767238482973498,0.9030071487851872,0.2193459541545137,0.2767238482973498,1.015592054294061,0.23910479277168048,0.2678498270279103,0.7915685302177663,0.0,0.09196844723397747,0.3785217267474103,0.0,0.09599646642883072,0.5788668355569375,0.0,0.10007652497659232,0.9142542269507026,0.0,0.104199487405889,1.661385103262035,0.0,0.10835797013217009,2.3456475842093445,0.0,0.1125459931080669,2.6118150452557867,0.0,0.11675869820427293,0.912647307611655,0.0,0.12099212406000998,0.04828030833809489,0.0,0.0027162076713337646,0.0005715951099381202,0.0005592449450374475,0.0005442879641572365,0.0005436255526382677,0.0005434705577250844
25,327,0.22068606259342544,0.24626013643368497,0.3516930112847306,0.22068606259342544,6.256249542651547,0.0017331035408898099,0.22068606259342544,17.554913924989034,0.0017187278816801575,0.2767238482973498,6.575088597605009,0.215085968051533,0.2767238482973498,1.2765727136855567,0.2175315876259288,0.2767238482973498,1.008322868836307,0.23710706539519819,0.2767238482973498,0.8373466214541551,0.0,0.10995044206098264,0.4316633747131294,0.0,0.09599646642883072,0.5788668355569375,0.0,0.10007652497659232,0.9142542269507026,0.0,0.104199487405889,1.661385103262035,0.0,0.10835797013217009,2.3456475842093445,0.0,0.1125459931080669,2.6118150452557867,0.0,0.11675869820427293,0.912647307611655,0.0,0.12099212406000998,0.04828030833809489,0.0,0.007809556428852953,0.0017331035408898099,0.0017187278816801575,0.0016781669562899696,0.0016773965743486954,0.0016772163188332515
26,328,0.21707735630269936,0.25921531206767007,0.3478439002162153,0.2205016587650547,6.2504532065803575,0.002038209520881745,0.22058465784464268,17.4770920057604,0.0020255403447946518,0.27670222978012166,6.574574891350322,0.2163079254207836,0.2767238482973498,1.278848153004532,0.21723418813929316,0.2767238482973498,1.0126140639907284,0.23479375129025407,0.2767238482973498,0.8373466214541551,0.0,0.10995044206098264,0.4316633747131294,0.0,0.09599646642883072,0.5788668355569375,0.0,0.10007652497659232,0.9142542269507026,0.0,0.104199487405889,1.661385103262035,0.0,0.10835797013217009,2.3456475842093445,0.0,0.1125459931080669,2.6118150452557867,0.0,0.11675869820427293,0.912647307611655,0.0,0.12099212406000998,0.04828030833809489,0.0,0.009106064565469845,0.002038209520881745,0.0020255403447946518,0.001978718449604464,0.0019780398323394938,0.0019778810494772534
27,329,0.22068606259342544,0.26476292299342385,0.3448921719331331,0.22068606259342544,6.1501359704577565,0.0022191359503680843,0.22068606259342544,17.254624198333435,0.0015373275701348087,0.2767238482973498,6.774099264696136,0.21727210254764032,0.2767238482973498,1.34900182970623,0.21703202895492235,0.2767238482973498,1.0191988053002012,0.23312672217854669,0.2767238482973498,0.8396536496675018,0.0,0.11352839438904042,0.442490003180669,0.0,0.09599646642883072,0.5788668355569375,0.0,0.10007652497659232,0.9142542269507026,0.0,0.104199487405889,1.661385103262035,0.0,0.10835797013217009,2.3456475842093445,0.0,0.1125459931080669,2.6118150452557867,0.0,0.11675869820427293,0.912647307611655,0.0,0.12099212406000998,0.04828030833809489,0.0,0.007434309012473041,0.001570015986125821,0.0015373275701348087,0.0014964911603509929,0.0014947350797525957,0.001494324152479627
28,330,0.22068606259342544,0.2663913754084817,0.3438681124932057,0.22068606259342544,6.103731751895432,0.0021760990805283855,0.22068606259342544,17.13208020412817,0.0005647538458664679,0.2767238482973498,6.863775183929522,0.21718170472191378,0.2767238482973498,1.3822403717354539,0.21705796349414017,0.2767238482973498,1.0223196175578741,0.2325402279588524,0.2767238482973498,0.840743325746352,0.0,0.115197302396925,0.44755391331491173,0.0,0.09599646642883072,0.5788668355569375,0.0,0.10007652497659232,0.9142542269507026,0.0,0.104199487405889,1.661385103262035,0.0,0.10835797013217009,2.3456475842093445,0.0,0.1125459931080669,2.6118150452557867,0.0,0.11675869820427293,0.912647307611655,0.0,0.12099212406000998,0.04828030833809489,0.0,0.002730548210748376,0.0005766825831833067,0.0005647538458664679,0.0005497741834534143,0.0005491344303439486,0.0005489847376525077
29,331,0.2186754882091375,0.27322132899063833,0.3420136469070628,0.22057155995450867,6.1005631956546535,0.0027466658705329384,0.22061987793442359,17.069936619516316,0.0010259312576581631,0.2767055719035339,6.863321831807039,0.21703714555245499,0.2767238482973498,1.3831153433073589,0.21718034132160263,0.2767238482973498,1.024362677331381,0.2314942363921309,0.2767238482973498,0.840743325746352,0.0,0.115197302396925,0.44755391331491173,0.0,0.09599646642883072,0.5788668355569375,0.0,0.10007652497659232,0.9142542269507026,0.0,0.104199487405889,1.661385103262035,0.0,0.10835797013217009,2.3456475842093445,0.0,0.1125459931080669,2.6118150452557867,0.0,0.11675869820427293,0.912647307611655,0.0,0.12099212406000998,0.04828030833809489,0.0,0.004975487996013797,0.001048319208715051,0.0010259312576581631,0.0009985511092337241,0.000997349399367704,0.0009970682067854666
30,332,0.21575290015551382,0.28716336823796335,0.33826349927269855,0.22040306747255597,6.095899471842039,0.004376348798138954,0.22052082333612524,16.977475065026848,0.002265476514584328,0.27667581631466875,6.86258370375018,0.21738797686701322,0.2767238482973498,1.3850853660990297,0.21742257332861217,0.2767238482973498,1.028838452401546,0.22923053432790688,0.2767238482973498,0.840743325746352,0.0,0.115197302396925,0.44755391331491173,0.0,0.09599646642883072,0.5788668355569375,0.0,0.10007652497659232,0.9142542269507026,0.0,0.104199487405889,1.661385103262035,0.0,0.10835797013217009,2.3456475842093445,0.0,0.1125459931080669,2.6118150452557867,0.0,0.11675869820427293,0.912647307611655,0.0,0.12099212406000998,0.04828030833809489,0.0,0.01019189161296072,0.0022799781772165073,0.002265476514584328,0.0022130317501180587,0.0022122547986801557,0.002212073005940974
31,333,0.21565966074015336,0.2961344147189094,0.33598965186466195,0.22039737927126235,6.09574214373144,0.0054655314662600315,0.2205173205416593,16.925075243895673,0.0014876984675740556,0.27667463610824133,6.8625544301401735,0.21750627985535986,0.2767238482973498,1.3863672115216268,0.21759342673818802,0.2767238482973498,1.0316989450978593,0.22782261888225439,0.2767238482973498,0.840743325746352,0.0,0.115197302396925,0.44755391331491173,0.0,0.09599646642883072,0.5788668355569375,0.0,0.10007652497659232,0.9142542269507026,0.0,0.104199487405889,1.661385103262035,0.0,0.10835797013217009,2.3456475842093445,0.0,0.1125459931080669,2.6118150452557867,0.0,0.11675869820427293,0.912647307611655,0.0,0.12099212406000998,0.04828030833809489,0.0,0.006697199072909431,0.0014974018039160628,0.0014876984675740556,0.0014532184622038126,0.0014526988321729663,0.0014525772506607977
32,334,0.2155644285791184,0.30379443102180503,0.33411725122541525,0.2203915262813549,6.095580257665095,0.006402065956912108,0.22051365500330258,16.891471498372447,0.0011684574615110788,0.27667329820195424,6.862521244954697,0.217712357529237,0.27672384572754566,1.3873645210223808,0.21773047769586737,0.2767238482973498,1.0338932780760486,0.22676227093641552,0.2767238482973498,0.840743325746352,0.0,0.115197302396925,0.44755391331491173,0.0,0.09599646642883072,0.5788668355569375,0.0,0.10007652497659232,0.9142542269507026,0.0,0.104199487405889,1.661385103262035,0.0,0.10835797013217009,2.3456475842093445,0.0,0.1125459931080669,2.6118150452557867,0.0,0.11675869820427293,0.912647307611655,0.0,0.12099212406000998,0.04828030833809489,0.0,0.005787615663648889,0.0011993436314203328,0.0011684574615110788,0.001136032718596151,0.0011343733329735879,0.0011339850323503632
33,335,0.2154716106994588,0.30779542382836217,0.3331770054932546,0.22038550558866485,6.095413733031813,0.006854111342439984,0.22050982098764818,16.869288912046635,0.0006081591456102038,0.27667179351434096,6.862483922932881,0.2176386983013404,0.2767238304051802,1.3878796743194548,0.21780507934162488,0.2767238482973498,1.0350187289500277,0.2262264236902899,0.2767238482973498,0.840743325746352,0.0,0.115197302396925,0.44755391331491173,0.0,0.09599646642883072,0.5788668355569375,0.0,0.10007652497659232,0.9142542269507026,0.0,0.104199487405889,1.661385103262035,0.0,0.10835797013217009,2.3456475842093445,0.0,0.1125459931080669,2.6118150452557867,0.0,0.11675869820427293,0.912647307611655,0.0,0.12099212406000998,0.04828030833809489,0.0,0.0030607470743965093,0.00062632100428858,0.0006081591456102038,0.0005908067201735213,0.0005898317620417575,0.0005896036278534354
34,336,0.2146632748719237,0.30911931040011364,0.3328732205817911,0.2203287749789885,6.093844276035841,0.006825299187277739,0.2204741295650189,16.83508073722548,0.00020671366186438927,0.2766572861691601,6.862124068238842,0.21688047780456798,0.276723483547878,1.3880524714046503,0.2178312850594979,0.2767238482973498,1.035399069684642,0.22604675932336174,0.2767238482973498,0.840743325746352,0.0,0.115197302396925,0.44755391331491173,0.0,0.09599646642883072,0.5788668355569375,0.0,0.10007652497659232,0.9142542269507026,0.0,0.104199487405889,1.661385103262035,0.0,0.10835797013217009,2.3456475842093445,0.0,0.1125459931080669,2.6118150452557867,0.0,0.11675869820427293,0.912647307611655,0.0,0.12099212406000998,0.04828030833809489,0.0,0.0010201016602879955,0.00021197998450161906,0.00020671366186438927,0.0002010247812022531,0.00020074243207813256,0.00020067636768638123
35,337,0.21540256147788245,0.30955740545162624,0.33277350405446654,0.22019891796043284,6.09025057786258,0.006469783068546678,0.2203912812383842,16.767114558640255,6.985456992200688e-05,0.2766216148525451,6.861239173541008,0.21498672427703794,0.2767219633927999,1.3881038037415694,0.21784024356330517,0.2767238482973498,1.0355274443057285,0.22598628191979686,0.2767238482973498,0.840743325746352,0.0,0.115197302396925,0.44755391331491173,0.0,0.09599646642883072,0.5788668355569375,0.0,0.10007652497659232,0.9142542269507026,0.0,0.104199487405889,1.661385103262035,0.0,0.10835797013217009,2.3456475842093445,0.0,0.1125459931080669,2.6118150452557867,0.0,0.11675869820427293,0.912647307611655,0.0,0.12099212406000998,0.04828030833809489,0.0,0.0003383785241880564,7.135446094719856e-05,6.985456992200688e-05,6.799638911681515e-05,6.791602156564078e-05,6.78972175214237e-05
36,338,0.2150539081146116,0.3102710652620121,0.33261121335707167,0.220172396118536,6.0895169497339605,0.006282883203777468,0.22037391468440037,16.71927062228838,0.00011970726789963773,0.27661362380739446,6.861040960339248,0.2135173418935825,0.27672143585434605,1.3882025640763571,0.21785557445245562,0.2767238482973498,1.0357479623692836,0.22588248475066822,0.2767238482973498,0.840743325746352,0.0,0.115197302396925,0.44755391331491173,0.0,0.09599646642883072,0.5788668355569375,0.0,0.10007652497659232,0.9142542269507026,0.0,0.104199487405889,1.661385103262035,0.0,0.10835797013217009,2.3456475842093445,0.0,0.1125459931080669,2.6118150452557867,0.0,0.11675869820427293,0.912647307611655,0.0,0.12099212406000998,0.04828030833809489,0.0,0.0005513691129909852,0.0001210317688800214,0.00011970726789963773,0.00011680841197489068,0.00011673748851896461,0.00011672089442633232
37,339,0.2131527694625839,0.31060499196885927,0.3325355872358619,0.22002139628686307,6.085337737848675,0.005866987018682683,0.22027454051897793,16.632650507371864,5.827144400581163e-05,0.2765661038936526,6.8598620881997325,0.2107662689991901,0.27671701593677983,1.3882298303455218,0.21786308519011774,0.2767238482973498,1.0358554026470237,0.2258319922691633,0.2767238482973498,0.840743325746352,0.0,0.115197302396925,0.44755391331491173,0.0,0.09599646642883072,0.5788668355569375,0.0,0.10007652497659232,0.9142542269507026,0.0,0.104199487405889,1.661385103262035,0.0,0.10835797013217009,2.3456475842093445,0.0,0.1125459931080669,2.6118150452557867,0.0,0.11675869820427293,0.912647307611655,0.0,0.12099212406000998,0.04828030833809489,0.0,0.0002583005856373922,5.8475504961058426e-05,5.827144400581163e-05,5.696125631914884e-05,5.695034834555563e-05,5.694779623527447e-05
38,340,0.2111833643024727,0.31081481135934436,0.33248815178447105,0.21985923435172972,6.080849365338785,0.005358300407883867,0.2201661737400328,16.520689522554797,3.685648185232936e-05,0.27651181444401457,6.85851524470912,0.2069288146514475,0.27671027875573306,1.3882273070835658,0.21786784172754514,0.2767238482973498,1.0359233364114928,0.2258000905200682,0.2767238482973498,0.840743325746352,0.0,0.115197302396925,0.44755391331491173,0.0,0.09599646642883072,0.5788668355569375,0.0,0.10007652497659232,0.9142542269507026,0.0,0.104199487405889,1.661385103262035,0.0,0.10835797013217009,2.3456475842093445,0.0,0.1125459931080669,2.6118150452557867,0.0,0.11675869820427293,0.912647307611655,0.0,0.12099212406000998,0.04828030833809489,0.0,0.0001623839390942226,3.694238223278725e-05,3.685648185232936e-05,3.603767548126208e-05,3.6033088559656996e-05,3.6032015373960104e-05
39,341,0.20941762645698647,0.3112518904796684,0.33238935105291584,0.21970727966012316,6.076643707740887,0.0049039526443518736,0.22006304679904387,16.396727840251806,7.62498879740184e-05,0.27645785073406254,6.857176483930997,0.2024470155861306,0.2767017056254448,1.3882490170429218,0.21787763760034526,0.2767238482973498,1.0360637677808584,0.22573417334243567,0.2767238482973498,0.840743325746352,0.0,0.115197302396925,0.44755391331491173,0.0,0.09599646642883072,0.5788668355569375,0.0,0.10007652497659232,0.9142542269507026,0.0,0.104199487405889,1.661385103262035,0.0,0.10835797013217009,2.3456475842093445,0.0,0.1125459931080669,2.6118150452557867,0.0,0.11675869820427293,0.912647307611655,0.0,0.12099212406000998,0.04828030833809489,0.0,0.00033827838876877717,7.652932533113288e-05,7.62498879740184e-05,7.453262564788265e-05,7.451768691313152e-05,7.45141917331564e-05
40,342,0.20874466841392328,0.31148907282865945,0.33233586646655433,0.2196482335406521,6.075010176596264,0.004529613895041275,0.22002208250025607,16.301543395478205,8.769706457900885e-06,0.27643534870337844,6.856618304970269,0.1986330798359864,0.2766972546262514,1.3882324449989154,0.2178785143953079,0.2767238482973498,1.0360761002819383,0.22572839051940802,0.2767238482973498,0.840743325746352,0.0,0.115197302396925,0.44755391331491173,0.0,0.09599646642883072,0.5788668355569375,0.0,0.10007652497659232,0.9142542269507026,0.0,0.104199487405889,1.661385103262035,0.0,0.10835797013217009,2.3456475842093445,0.0,0.1125459931080669,2.6118150452557867,0.0,0.11675869820427293,0.912647307611655,0.0,0.12099212406000998,0.04828030833809489,0.0,0.00018369776262953355,1.5461094549370818e-05,8.769706457900885e-06,7.0064021356176625e-06,6.6363612336344675e-06,6.5496780522161515e-06
41,343,0.22068606259342544,0.29265116600453706,0.3320643183155025,0.22068606259342544,5.753901277161559,0.004425958951921312,0.22068606259342544,15.721349925256282,0.0001015563003816176,0.2767238482973498,7.435179359533194,0.19586159331925104,0.2767238482973498,1.6133428465440378,0.21789072341880925,0.2767238482973498,1.0506821938585158,0.225646447810906,0.2767238482973498,0.848754307853143,0.0,0.1265361484538753,0.4820036335060052,0.0,0.09599646642883072,0.5788668355569375,0.0,0.10007652497659232,0.9142542269507026,0.0,0.104199487405889,1.661385103262035,0.0,0.10835797013217009,2.3456475842093445,0.0,0.1125459931080669,2.6118150452557867,0.0,0.11675869820427293,0.912647307611655,0.0,0.12099212406000998,0.04828030833809489,0.0,0.0009301170552782111,0.00012353518010245487,0.0001015563003816176,9.428127634556094e-05,9.309212383096085e-05,9.28137778704674e-05
42,344,0.22068606259342544,0.2702914131416849,0.3317763327406478,0.22068606259342544,5.315556105543665,0.00463010648900268,0.22068606259342544,14.886702262930507,0.0002004900072509068,0.2767238482973498,8.2176859977461,0.19325972938818328,0.2767238482973498,1.9858050049690807,0.21802326876933786,0.2767238482973498,1.0870128922240534,0.22548147692140674,0.2767238482973498,0.8616933321245058,0.0,0.1359303629581563,0.5046535503082258,0.0,0.10430245166274031,0.61050613477309,0.0,0.10007652497659232,0.9142542269507026,0.0,0.104199487405889,1.661385103262035,0.0,0.10835797013217009,2.3456475842093445,0.0,0.1125459931080669,2.6118150452557867,0.0,0.11675869820427293,0.912647307611655,0.0,0.12099212406000998,0.04828030833809489,0.0,0.0009563254495223257,0.00020414753708136675,0.0002004900072509068,0.00019530501102443454,0.0001951090174182989,0.0001950631594343437
43,345,0.22068606259342544,0.2579341895086246,0.33135142926439803,0.22068606259342544,5.055050502720052,0.004938216076048583,0.22068606259342544,14.334372684034442,0.0003071623797746814,0.2767238482973498,8.636542665643782,0.18520939206455583,0.2767238482973498,2.236392648587593,0.21832350361495828,0.2767238482973498,1.1236001939882356,0.225255088620408,0.2767238482973498,0.8707598819850129,0.0,0.1359303629581563,0.4980028194546708,0.0,0.1154114757945271,0.6517493739329216,0.0,0.10007652497659232,0.9142542269507026,0.0,0.104199487405889,1.661385103262035,0.0,0.10835797013217009,2.3456475842093445,0.0,0.1125459931080669,2.6118150452557867,0.0,0.11675869820427293,0.912647307611655,0.0,0.12099212406000998,0.04828030833809489,0.0,0.0013586079603438866,0.0003081095870459033,0.0003071623797746814,0.000300285467560248,0.00030023484562040527,0.00030022300170961754
44,346,0.22068606259342544,0.2555609147428664,0.3309501139154709,0.22068606259342544,4.981049881125443,0.0052271937752001825,0.22068606259342544,14.100879560579875,0.00028864619609777294,0.2767238482973498,8.740064602227006,0.16951305819922594,0.2767238482973498,2.306522392787261,0.2186057976916346,0.2767238482973498,1.136139932216095,0.22506867300637604,0.2767238482973498,0.8735085488495281,0.0,0.1359303629581563,0.49645044123643667,0.0,0.11841421797197726,0.6627504044453316,0.0,0.10007652497659232,0.9142542269507026,0.0,0.104199487405889,1.661385103262035,0.0,0.10835797013217009,2.3456475842093445,0.0,0.1125459931080669,2.6118150452557867,0.0,0.11675869820427293,0.912647307611655,0.0,0.12099212406000998,0.04828030833809489,0.0,0.0012638947517615525,0.00028897769915159994,0.00028864619609777294,0.000282311723528827,0.00028229407667632305,0.0002822899479302565
45,347,0.22068606259342544,0.2551026428539734,0.33080102628315655,0.22068606259342544,4.96129039543255,0.005328778366967179,0.22068606259342544,13.951388534578014,9.997645778871235e-05,0.2767238482973498,8.760133374705138,0.14867882543828362,0.2767238482973498,2.3193925011717784,0.21870315195630802,0.2767238482973498,1.1384998938330417,0.22500779203179164,0.2767238482973498,0.8740018497728264,0.0,0.1359303629581563,0.496192980470199,0.0,0.1189336758589184,0.6646475898244,0.0,0.10007652497659232,0.9142542269507026,0.0,0.104199487405889,1.661385103262035,0.0,0.10835797013217009,2.3456475842093445,0.0,0.1125459931080669,2.6118150452557867,0.0,0.11675869820427293,0.912647307611655,0.0,0.12099212406000998,0.04828030833809489,0.0,0.000471971856377687,0.000101584591766996,9.997645778871235e-05,9.744040959351328e-05,9.735426467339192e-05,9.733410900594816e-05
46,348,0.22068606259342544,0.2533304544265393,0.3305519072935996,0.22068606259342544,4.909696247602364,0.005487352447846124,0.22068606259342544,13.776970864341333,0.00015325779511891983,0.2767238482973498,8.835199518539362,0.13460898053532225,0.2767238482973498,2.37527225776135,0.21885158301258203,0.2767238482973498,1.1489752294388886,0.2249159979043811,0.2767238482973498,0.8762967533535445,0.0,0.1359303629581563,0.49501287333764593,0.0,0.12133247793575855,0.6734040495745429,0.0,0.10007652497659232,0.9142542269507026,0.0,0.104199487405889,1.661385103262035,0.0,0.10835797013217009,2.3456475842093445,0.0,0.1125459931080669,2.6118150452557867,0.0,0.11675869820427293,0.912647307611655,0.0,0.12099212406000998,0.04828030833809489,0.0,0.0007884625866008575,0.00015857408087894512,0.00015325779511891983,0.00014871619895194378,0.0001484310562740199,0.0001483643372641785
47,349,0.22068606259342544,0.2408100020748974,0.3300479951492761,0.22068606259342544,4.643506061260563,0.005768528979790615,0.22068606259342544,13.221983481149476,0.00026118653140674234,0.2767238482973498,9.216778448342918,0.12474008384856873,0.2767238482973498,2.669459638621654,0.21910143796938975,0.2767238482973498,1.2051908060462335,0.22476829930907313,0.2767238482973498,0.8887303184172203,0.0,0.1359303629581563,0.4890282576788979,0.0,0.133932145300584,0.7192878198347662,0.0,0.10007652497659232,0.9142542269507026,0.0,0.104199487405889,1.661385103262035,0.0,0.10835797013217009,2.3456475842093445,0.0,0.1125459931080669,2.6118150452557867,0.0,0.11675869820427293,0.912647307611655,0.0,0.12099212406000998,0.04828030833809489,0.0,0.001589459225134029,0.0002811765319444908,0.00026118653140674234,0.000250930400943427,0.00024985495680768976,0.00024960328694232487
48,350,0.22068606259342544,0.24988562571280923,0.3261675162688933,0.22068606259342544,4.5371670272292,0.008362757985800077,0.22068606259342544,12.82758454126621,0.002580110759516259,0.2767238482973498,9.330224718659869,0.07545294049064659,0.2767238482973498,2.7676666141236104,0.22162161350099113,0.2767238482973498,1.2300263928068325,0.2236001722125997,0.2767238482973498,0.8933368806024085,0.0,0.1359303629581563,0.48749121691809666,0.0,0.1359303629581563,0.7229601185420309,0.0,0.1020600341871657,0.9249067406731813,0.0,0.104199487405889,1.661385103262035,0.0,0.10835797013217009,2.3456475842093445,0.0,0.1125459931080669,2.6118150452557867,0.0,0.11675869820427293,0.912647307611655,0.0,0.12099212406000998,0.04828030833809489,0.0,0.011552177146486512,0.0025942290060094616,0.002580110759516259,0.0025209317990266306,0.0025201755316013705,0.002519998578629463
49,351,0.21622043832115787,0.25747119379598815,0.3243897723917306,0.22020951303307235,4.527348264532287,0.00958496200607468,0.2203212906233634,12.518584928680063,0.001195671708318522,0.2764708539175788,9.318345841671247,0.0011636587951169887,0.2765826315078699,2.7662535066140514,0.22278384762422415,0.27669127975387803,1.2314782656358227,0.22316541722958225,0.2767238482973498,0.8933368806024085,0.0,0.1359303629581563,0.48749121691809666,0.0,0.1359303629581563,0.7229601185420309,0.0,0.1020600341871657,0.9249067406731813,0.0,0.104199487405889,1.661385103262035,0.0,0.10835797013217009,2.3456475842093445,0.0,0.1125459931080669,2.6118150452557867,0.0,0.11675869820427293,0.912647307611655,0.0,0.12099212406000998,0.04828030833809489,0.0,0.005807824206016238,0.001222204020274601,0.001195671708318522,0.0011636587951169887,0.0011622341232330133,0.0011619007537725893
50,352,0.21614053979436176,0.2619786227628727,0.32337443936451227,0.2202005323011017,4.5271636196502945,0.010265471003094287,0.22031413703209296,12.33456469649283,0.0006515856899230943,0.2764655522191155,9.26417130711302,0.0006308154309271835,0.2765794686401283,2.766221872689725,0.22341310804569184,0.276690332928197,1.2323285065960485,0.22293985872488506,0.2767238482973498,0.8933368806024085,0.0,0.1359303629581563,0.48749121691809666,0.0,0.1359303629581563,0.7229601185420309,0.0,0.1020600341871657,0.9249067406731813,0.0,0.104199487405889,1.661385103262035,0.0,0.10835797013217009,2.3456475842093445,0.0,0.1125459931080669,2.6118150452557867,0.0,0.11675869820427293,0.912647307611655,0.0,0.12099212406000998,0.04828030833809489,0.0,0.0034920959396661008,0.0006805089970196099,0.0006515856899230943,0.0006308154309271835,0.0006292604214676774,0.0006288965357067589
51,353,0.21606555230787272,0.2647683276415091,0.3227610901159925,0.22019140212231533,4.526975901997179,0.010730996860905099,0.22030678898403216,12.212546053314352,0.00045740926676280915,0.2764600043848903,9.226991068501214,0.00044563159487590466,0.276576017815085,2.7661873586787533,0.2238583045521443,0.27668906595230813,1.2329242140240348,0.22278360309467835,0.2767238437675312,0.8933368659789702,0.0,0.1359303629581563,0.48749121691809666,0.0,0.1359303629581563,0.7229601185420309,0.0,0.1020600341871657,0.9249067406731813,0.0,0.104199487405889,1.661385103262035,0.0,0.10835797013217009,2.3456475842093445,0.0,0.1125459931080669,2.6118150452557867,0.0,0.11675869820427293,0.912647307611655,0.0,0.12099212406000998,0.04828030833809489,0.0,0.002176355630116679,0.00046552585781081094,0.00045740926676280915,0.00044563159487590466,0.0004451965064524778,0.0004450947041938312
52,354,0.21520712836286404,0.266058423005849,0.32248221593150694,0.22007547225955962,4.524591212373985,0.010931881069958073,0.22021518442078863,12.088187204596503,0.00019346947204365307,0.27639273609814885,9.189073262196503,0.00018757452120338812,0.27653339256909626,2.765760974669505,0.22404548123695134,0.2766711709465281,1.2330961172030066,0.22271903835461648,0.2767232350196486,0.8933349007774375,0.0,0.1359303629581563,0.48749121691809666,0.0,0.1359303629581563,0.7229601185420309,0.0,0.1020600341871657,0.9249067406731813,0.0,0.104199487405889,1.661385103262035,0.0,0.10835797013217009,2.3456475842093445,0.0,0.1125459931080669,2.6118150452557867,0.0,0.11675869820427293,0.912647307611655,0.0,0.12099212406000998,0.04828030833809489,0.0,0.0010112211798543617,0.0002008842090529753,0.00019346947204365307,0.00018757452120338812,0.0001871766848070408,0.00018708359580791006
53,355,0.21513233879211496,0.2680846653821902,0.3220454722051267,0.22006614913216452,4.524399527553533,0.011164186627769596,0.22020748523555977,12.006255607772175,0.00020010675076074415,0.27638666105722776,9.162354488261135,0.0001883425342088988,0.27652932603138985,2.765720302414407,0.2242320835575976,0.2766692170000136,1.2333375156712363,0.22265512628318468,0.27672306988938833,0.8933343676934966,0.0,0.1359303629581563,0.48749121691809666,0.0,0.1359303629581563,0.7229601185420309,0.0,0.1020600341871657,0.9249067406731813,0.0,0.104199487405889,1.661385103262035,0.0,0.10835797013217009,2.3456475842093445,0.0,0.1125459931080669,2.6118150452557867,0.0,0.11675869820427293,0.912647307611655,0.0,0.12099212406000998,0.04828030833809489,0.0,0.001589498649961028,0.00023230555781152265,0.00020010675076074415,0.0001883425342088988,0.00018660232064624468,0.0001861950051728235
54,356,0.21506164013890075,0.26862165593108767,0.32193134669848167,0.22005669670409123,4.524205184178624,0.011219370962646821,0.22019960780753292,11.94816938512066,4.500547072368832e-05,0.27638034930619854,9.14303267770582,4.1682890320069166e-05,0.27652497541097953,2.765676788807077,0.22427321649774007,0.2766669314226202,1.2333822925579556,0.2226411648738808,0.2767227340544428,0.8933332835292348,0.0,0.1359303629581563,0.48749121691809666,0.0,0.1359303629581563,0.7229601185420309,0.0,0.1020600341871657,0.9249067406731813,0.0,0.104199487405889,1.661385103262035,0.0,0.10835797013217009,2.3456475842093445,0.0,0.1125459931080669,2.6118150452557867,0.0,0.11675869820427293,0.912647307611655,0.0,0.12099212406000998,0.04828030833809489,0.0,0.00042286504225238667,5.518433487722362e-05,4.500547072368832e-05,4.1682890320069166e-05,4.113294014243516e-05,4.100422071694932e-05
55,357,0.21472022209998973,0.269521896443665,0.321740208303951,0.22000634963460453,4.5231698482751,0.011354868906045921,0.2201585845665928,11.888943734754646,0.00012902550900418118,0.2763486306663004,9.123597871038603,0.00012474353313537978,0.2765029679774789,2.765456662967347,0.22439761262785907,0.27665473880950525,1.2334946105020288,0.2225988046568151,0.2767200962560422,0.8933247679456601,0.0,0.1359303629581563,0.48749121691809666,0.0,0.1359303629581563,0.7229601185420309,0.0,0.1020600341871657,0.9249067406731813,0.0,0.104199487405889,1.661385103262035,0.0,0.10835797013217009,2.3456475842093445,0.0,0.1125459931080669,2.6118150452557867,0.0,0.11675869820427293,0.912647307611655,0.0,0.12099212406000998,0.04828030833809489,0.0,0.000709102118046651,0.00013549794339910067,0.00012902550900418118,0.00012474353313537978,0.00012439613011900637,0.00012431484079032142
56,358,0.2167679960429017,0.2700802110094463,0.321622278914843,0.2199345960685259,4.521694166084146,0.011432190232324637,0.2200997663333419,11.821554292978865,7.167249586216703e-05,0.27630271366159626,9.101143909076784,6.882207541614718e-05,0.27647039699743553,2.7651308644921446,0.2244661312355243,0.27663562253155677,1.2335010488628677,0.22257557604171976,0.2767144939183914,0.8933066817698658,0.0,0.1359303629581563,0.48749121691809666,0.0,0.1359303629581563,0.7229601185420309,0.0,0.1020600341871657,0.9249067406731813,0.0,0.104199487405889,1.661385103262035,0.0,0.10835797013217009,2.3456475842093445,0.0,0.1125459931080669,2.6118150452557867,0.0,0.11675869820427293,0.912647307611655,0.0,0.12099212406000998,0.04828030833809489,0.0,0.00044038517667325513,7.732132627871619e-05,7.167249586216703e-05,6.882207541614718e-05,6.851860766527819e-05,6.844759619273913e-05
57,359,0.2151420229158188,0.27080047542695423,0.3214704187911073,0.2196623571754912,4.516090197200971,0.01156158576026608,0.21987584316808162,11.667131426050062,0.00012911333688202822,0.2761270522334329,9.048385808841298,0.00012624923181089425,0.2763434954393943,2.763861070121432,0.2245923654015375,0.2765575968335686,1.2333221765266844,0.2225326691237661,0.2766854738862976,0.8932129876983613,0.0,0.13593011580278372,0.48749033053561525,0.0,0.1359303629581563,0.7229601185420309,0.0,0.1020600341871657,0.9249067406731813,0.0,0.104199487405889,1.661385103262035,0.0,0.10835797013217009,2.3456475842093445,0.0,0.1125459931080669,2.6118150452557867,0.0,0.11675869820427293,0.912647307611655,0.0,0.12099212406000998,0.04828030833809489,0.0,0.0005684042937722912,0.00012939552794144333,0.00012911333688202822,0.00012624923181089425,0.00012623416601319958,0.0001262306411202219
58,360,0.2137675365808094,0.2711484406603971,0.3213973868081119,0.21942928654713,4.51129335355006,0.011616927192947312,0.21968260068931467,11.475895615431888,5.3501211425947315e-05,0.2759735278823779,8.982348098104817,5.1919509477080385e-05,0.27623037941842493,2.762729272209043,0.22464418625245552,0.2764850362447479,1.233067859686596,0.22251511130137036,0.2766536344380002,0.8931101898124845,0.0,0.13592813381636615,0.4874832223734807,0.0,0.1359303629581563,0.7229601185420309,0.0,0.1020600341871657,0.9249067406731813,0.0,0.104199487405889,1.661385103262035,0.0,0.10835797013217009,2.3456475842093445,0.0,0.1125459931080669,2.6118150452557867,0.0,0.11675869820427293,0.912647307611655,0.0,0.12099212406000998,0.04828030833809489,0.0,0.0002749332504474872,5.534143268123327e-05,5.3501211425947315e-05,5.1919509477080385e-05,5.182085091798705e-05,5.17977667724005e-05
59,361,0.21240870296240333,0.2733821264604307,0.32092596053162087,0.2192043489354723,4.506664067875014,0.011952587534248296,0.21949471904838083,11.261560019161395,0.00031926366843509793,0.27582253284622393,8.906785264911809,0.0003085778740618128,0.27611713195076665,2.7615961585492976,0.22495188318847936,0.2764097078992054,1.2331441399317289,0.22241028097028023,0.2766164201161853,0.8929900360992457,0.0,0.13592278927091492,0.4874640543130498,0.0,0.1359303629581563,0.7229601185420309,0.0,0.1020600341871657,0.9249067406731813,0.0,0.104199487405889,1.661385103262035,0.0,0.10835797013217009,2.3456475842093445,0.0,0.1125459931080669,2.6118150452557867,0.0,0.11675869820427293,0.912647307611655,0.0,0.12099212406000998,0.04828030833809489,0.0,0.0017622595235425257,0.0003356603413009843,0.00031926366843509793,0.0003085778740618128,0.00030769693602382116,0.000307490795232443
60,362,0.2109838787786707,0.28355540546552266,0.3187379689830444,0.2189552337573713,4.501536634277541,0.013721988435640656,0.21928526948678467,11.021376335750316,0.0017540211607697917,0.2756525128939435,8.820282407928183,0.0017124645834303382,0.2759875725260659,2.760299756663218,0.22666352346286409,0.276320802382882,1.2350538179032067,0.22181528940389236,0.27656838988958043,0.8928349550583252,0.0,0.13591147429233336,0.4874234716811377,0.0,0.1359303629581563,0.7229601185420309,0.0,0.1020600341871657,0.9249067406731813,0.0,0.104199487405889,1.661385103262035,0.0,0.10835797013217009,2.3456475842093445,0.0,0.1125459931080669,2.6118150452557867,0.0,0.11675869820427293,0.912647307611655,0.0,0.12099212406000998,0.04828030833809489,0.0,0.00798528745651554,0.0017694009013923605,0.0017540211607697917,0.0017124645834303382,0.00171164027438472,0.0017114473999786646
61,363,0.20985658214208322,0.29251848520590934,0.31690133694495676,0.21874800808296244,4.497272211606498,0.015266301441601701,0.2191097460308661,10.782270873518065,0.0015223446020005502,0.275508374602885,8.732926716244544,0.001484298338291398,0.2758760427254666,2.7591838363447536,0.22814664313758717,0.276242097298716,1.2366742259928951,0.22132584176986436,0.27652275825263845,0.8926876199139206,0.0,0.13589537545175753,0.48736572907777514,0.0,0.1359303629581563,0.7229601185420309,0.0,0.1020600341871657,0.9249067406731813,0.0,0.104199487405889,1.661385103262035,0.0,0.10835797013217009,2.3456475842093445,0.0,0.1125459931080669,2.6118150452557867,0.0,0.11675869820427293,0.912647307611655,0.0,0.12099212406000998,0.04828030833809489,0.0,0.0071264477022990385,0.001544313005961046,0.0015223446020005502,0.001484298338291398,0.0014831196747231276,0.0014828438783466911
62,364,0.2097963522498164,0.2975751633244194,0.3159226706299705,0.2187405068006714,4.49711798636083,0.01606537012805277,0.21910246791303153,10.631864586756548,0.0007663003721262833,0.2755009235389234,8.664193079357911,0.0007421584121197568,0.2758698084245213,2.7591214823579313,0.22888703942923688,0.2762373129375554,1.2376229817484108,0.2210956510620647,0.27651969397677395,0.892677727522211,0.0,0.13588911737876297,0.48734328452616976,0.0,0.13593033106363675,0.7229599489075905,0.0,0.1020600341871657,0.9249067406731813,0.0,0.104199487405889,1.661385103262035,0.0,0.10835797013217009,2.3456475842093445,0.0,0.1125459931080669,2.6118150452557867,0.0,0.11675869820427293,0.912647307611655,0.0,0.12099212406000998,0.04828030833809489,0.0,0.004078011803523765,0.0007990686864510671,0.0007663003721262833,0.0007421584121197568,0.0007403962916496979,0.0007399839359620463
63,365,0.21168024845477912,0.29833069785177174,0.31578280606299136,0.21860902155004305,4.4944131360241455,0.01619399410752793,0.21898943012010202,10.462610951030506,0.00012560791037348888,0.27540590913752716,8.599200465971466,0.00012219341868428753,0.2757942256537546,2.7583653314775995,0.22900907119112898,0.2761813911561217,1.2375310610690895,0.22105896920843585,0.2764837042063012,0.8925615280282411,0.0,0.13586645068336894,0.4872619807037241,0.0,0.13592916242942576,0.7229537333485863,0.0,0.1020600341871657,0.9249067406731813,0.0,0.104199487405889,1.661385103262035,0.0,0.10835797013217009,2.3456475842093445,0.0,0.1125459931080669,2.6118150452557867,0.0,0.11675869820427293,0.912647307611655,0.0,0.12099212406000998,0.04828030833809489,0.0,0.0006156699603732744,0.00012862397947516186,0.00012560791037348888,0.00012219341868428753,0.0001220317618921158,0.00012199393769878786
64,1,0.22068606259342544,0.21276498278712058,0.31351236710523833,0.22068606259342544,3.2763554382174576,0.018233895250703454,0.22068606259342544,8.66952572170002,0.002009699583019488,0.2767238482973498,9.55181374812675,0.0019591935664971475,0.2767238482973498,4.033394090340097,0.23096664301311084,0.2767238482973498,1.5696962642138332,0.2204468244221767,0.2767238482973498,0.9674428265257643,0.0,0.1359303629581563,0.46657161185931245,0.0,0.1359303629581563,0.621934211808235,0.0,0.1359303629581563,1.0135393632252765,0.0,0.12864283255853023,1.8828999682758858,0.0,0.10835797013217009,2.3456475842093445,0.0,0.1125459931080669,2.6118150452557867,0.0,0.11675869820427293,0.912647307611655,0.0,0.12099212406000998,0.04828030833809489,0.0,0.009433540462910154,0.0020399011431755255,0.002009699583019488,0.0019591935664971475,0.001957571821981827,0.001957192335104143
65,2,0.22068606259342544,0.20871322968484057,0.3112940361047217,0.22068606259342544,3.081104178254839,0.020025421621781718,0.22068606259342544,8.19604623635577,0.0017768289081275333,0.2767238482973498,9.486729665011781,0.0017349343696633271,0.2767238482973498,4.296926052926087,0.23270078973556532,0.2767238482973498,1.6897821768009418,0.22131198866970894,0.2767238482973498,0.9964167794618561,0.0,0.1359303629581563,0.46741296801491944,0.0,0.1359303629581563,0.6068748671872842,0.0,0.1359303629581563,0.9756097840037656,0.0,0.1359303629581563,1.8950303796867818,0.0,0.11423620480856171,2.4316852410734393,0.0,0.1125459931080669,2.6118150452557867,0.0,0.11675869820427293,0.912647307611655,0.0,0.12099212406000998,0.04828030833809489,0.0,0.008068807562987857,0.0017915263710782641,0.0017768289081275333,0.0017349343696633271,0.0017341467224544862,0.0017339624268967947
66,3,0.2206318265241712,0.21464710768272338,0.3100611188550776,0.22067798262928376,3.080991365861956,0.021013999286382017,0.22067907128647682,8.108124110228895,0.0009669531617821793,0.2767179456475942,9.391853991481003,0.0009410270697037329,0.2767190343047873,4.29685130067743,0.2336406561052503,0.27672012296198034,1.6899604178068561,0.22205059380149927,0.2767212116191734,0.9964072853202194,0.0,0.1359171897578233,0.4673676659844929,0.0,0.13592642569383784,0.6068572883629448,0.0,0.1359303629581563,0.9756097840037656,0.0,0.1359303629581563,1.8950303796867818,0.0,0.11423620480856171,2.4316852410734393,0.0,0.1125459931080669,2.6118150452557867,0.0,0.11675869820427293,0.912647307611655,0.0,0.12099212406000998,0.04828030833809489,0.0,0.004700960748238699,0.0009885776646002982,0.0009669531617821793,0.0009410270697037329,0.0009398663696850001,0.0009395947735555192
67,4,0.22058215907415807,0.21677530587006683,0.3096370838372627,0.22067046046731478,3.0808863417638954,0.021349051579471666,0.22067253111937116,8.038907253887698,0.00032169951745523133,0.27671238445973545,9.315608454316854,0.0003116611380352617,0.27671445810428036,4.296780240953138,0.23395160032770584,0.2767165323539525,1.6900059076061644,0.22229395194493506,0.27671860720873476,0.9963979073692345,0.0,0.13590245122458391,0.4673169802623587,0.0,0.13592068349053302,0.6068316506318998,0.0,0.13593027733659643,0.9756091694737788,0.0,0.1359303629581563,1.8950303796867818,0.0,0.11423620480856171,2.4316852410734393,0.0,0.1125459931080669,2.6118150452557867,0.0,0.11675869820427293,0.912647307611655,0.0,0.12099212406000998,0.04828030833809489,0.0,0.0017041631695284916,0.00033505229308964876,0.00032169951745523133,0.0003116611380352617,0.0003109442224555119,0.0003107764679077393
68,5,0.22053524024445884,0.21861419971530371,0.30927470470703894,0.22066352538110448,3.080789514649639,0.021644153473334933,0.22066647345126245,7.983269104501616,0.0002846846338441239,0.27670719815556677,9.253265647587554,0.0002761230879484901,0.27671015487358097,4.296713419998737,0.23422716436747618,0.27671311332643794,1.690045884980298,0.22250852632827486,0.2767160735145543,0.9963887840554086,0.0,0.1358862427945751,0.4672612389716235,0.0,0.13591320836426288,0.6067982753384475,0.0,0.13592972665669398,0.9756052170759075,0.0,0.1359303629581563,1.8950303796867818,0.0,0.11423620480856171,2.4316852410734393,0.0,0.1125459931080669,2.6118150452557867,0.0,0.11675869820427293,0.912647307611655,0.0,0.12099212406000998,0.04828030833809489,0.0,0.0014765147150131394,0.0002951018938632664,0.0002846846338441239,0.0002761230879484901,0.0002755640397703648,0.000275433227919138
69,6,0.22035424406571505,0.22158937275750906,0.3086904884522323,0.22062135711724412,3.0802006707278657,0.022125181769061364,0.22062952115915227,7.923465433444908,0.0004648827797447938,0.2766754527710952,9.185780253304126,0.0004510993116500913,0.2766836334600518,4.2963015600271035,0.23467739688934,0.2766918174629213,1.6900185648886688,0.22285580003958413,0.2767000047813898,0.9963309210079838,0.0,0.1358594574820197,0.4671691162842314,0.0,0.13589933952623934,0.6067363501883846,0.0,0.13592760819088415,0.9755900120243086,0.0,0.1359303629581563,1.8950303796867818,0.0,0.11423620480856171,2.4316852410734393,0.0,0.1125459931080669,2.6118150452557867,0.0,0.11675869820427293,0.912647307611655,0.0,0.12099212406000998,0.04828030833809489,0.0,0.002390956787398603,0.0004810282957264299,0.0004648827797447938,0.0004510993116500913,0.0004502325218638161,0.0004500296979440566
70,7,0.21953771757554288,0.23041953737948315,0.3069369634061762,0.22041106589980744,3.0772618929203523,0.02370339260559727,0.2204445758712762,7.829156760751002,0.0015669686029502992,0.2765158260776868,9.079289104338715,0.001530416956260033,0.27654937491115283,4.294215801513757,0.23620721165141167,0.27658293134933093,1.6897430040016097,0.22399570250408624,0.27661649539560085,0.9960301327880443,0.0,0.13578405754102704,0.4669097005292501,0.0,0.135856854601706,0.6065466126287674,0.0,0.13591733564718236,0.9755162775666265,0.0,0.1359303629581563,1.8950303796867818,0.0,0.11423620480856171,2.4316852410734393,0.0,0.1125459931080669,2.6118150452557867,0.0,0.11675869820427293,0.912647307611655,0.0,0.12099212406000998,0.04828030833809489,0.0,0.007076639575917988,0.0015782108365359096,0.0015669686029502992,0.001530416956260033,0.001529814762071679,0.0015296738614295527
71,8,0.21887755555294713,0.23749677302450378,0.3055984303234569,0.2202365839218367,3.074823938552148,0.024952789291938424,0.22029051308398706,7.723633389979653,0.001233093131613579,0.27638206077061184,8.956574623564375,0.0012026192677505709,0.27643612062706896,4.292456486069745,0.23740895668607603,0.2764902054254694,1.6895028417935711,0.22487071972225278,0.27654431515994365,0.9957701611098534,0.0,0.13571390629731372,0.46666835240887267,0.0,0.13581465629380762,0.6063581554959889,0.0,0.13590313846435176,0.9754143698174507,0.0,0.13593036236588987,1.8950303714298857,0.0,0.11423620480856171,2.4316852410734393,0.0,0.1125459931080669,2.6118150452557867,0.0,0.11675869820427293,0.912647307611655,0.0,0.12099212406000998,0.04828030833809489,0.0,0.005738702562301339,0.0012493966863411543,0.001233093131613579,0.0012026192677505709,0.001201745034664348,0.0012015404769547334
72,9,0.22068606259342544,0.2409794645077731,0.3049280594419409,0.22031010032790754,3.0729707193203373,0.025604963404466777,0.22015725397084618,7.613599792510474,0.0006402045382983456,0.2762656821630655,8.825053431191703,0.0006235797586974327,0.2763369753384211,4.290916421310772,0.2380318945879517,0.27640832095128953,1.6891763927055292,0.22531945042388588,0.2764797189761354,0.9955375113061133,0.0,0.13564688587747747,0.4664377808870835,0.0,0.13577219929108533,0.6061685426739754,0.0,0.13588531059373501,0.9752863974773439,0.0,0.13592975154149362,1.8950218557755172,0.0,0.11423620480856171,2.4316852410734393,0.0,0.1125459931080669,2.6118150452557867,0.0,0.11675869820427293,0.912647307611655,0.0,0.12099212406000998,0.04828030833809489,0.0,0.003059568090119212,0.0006521741125283548,0.0006402045382983456,0.0006235797586974327,0.0006229379018756863,0.0006227877175665362
73,10,0.22064692080489495,0.24858334551509428,0.30355871077103813,0.22030648215487408,3.0729202508108298,0.026888164706676054,0.22015447243655206,7.5671871609824395,0.0012477635868162215,0.2762627430882498,8.755427375777753,0.0012125715402548194,0.27633435414444857,4.2908757194433,0.23924256130932425,0.2764060533229994,1.6895226201327873,0.22616958601590723,0.27647784057151986,0.9955307475732503,0.0,0.1356245424258665,0.4663609376417507,0.0,0.13575738883121485,0.6061024126831637,0.0,0.1358781137412258,0.9752347409436785,0.0,0.13592901681515834,1.8950116127641574,0.0,0.11423620480856171,2.4316852410734393,0.0,0.1125459931080669,2.6118150452557867,0.0,0.11675869820427293,0.912647307611655,0.0,0.12099212406000998,0.04828030833809489,0.0,0.0062345323364183846,0.0012832013022092742,0.0012477635868162215,0.0012125715402548194,0.0012106667213725468,0.0012102209798021608
74,11,0.21907692425534697,0.25125997989285337,0.3031075622662797,0.21980933780080822,3.0659702050645037,0.027339925907894497,0.2197120958068685,7.39407712246024,0.00043769399925892003,0.27587413148281675,8.544906727080308,0.0004249775016446288,0.2759999878542435,4.285677443141931,0.23966678381283307,0.276125967526974,1.6879379376592214,0.22646456284091301,0.276252070448075,0.9947171388303069,0.0,0.13543113082091812,0.46569491929805246,0.0,0.13562529716599867,0.6055121018882322,0.0,0.13580742663692386,0.9747271360095516,0.0,0.13591603700505042,1.894830641545249,0.0,0.11423620480856171,2.4316852410734393,0.0,0.1125459931080669,2.6118150452557867,0.0,0.11675869820427293,0.912647307611655,0.0,0.12099212406000998,0.04828030833809489,0.0,0.0022254858730006363,0.0004517612012184402,0.00043769399925892003,0.0004249775016446288,0.00042422250350881454,0.0004240458403018192
75,12,0.21294189663738944,0.25154820469909717,0.3030603681254447,0.2184410231407215,3.0467649664208616,0.027380710255592133,0.21849024959296848,7.1188328827358704,3.732711762229712e-05,0.2747974806717553,8.202264508426987,3.572430451965381e-05,0.2750694244673242,4.271178941447469,0.23970232237073943,0.27534155292071416,1.6831403939069922,0.22648887173346705,0.2756138658680802,0.9924137966824024,0.0,0.13491618967799718,0.46391747898812263,0.0,0.13526347053613252,0.6038923711338682,0.0,0.13559883582993298,0.9732277195975175,0.0,0.1358592970216621,1.8940392885684425,0.0,0.11423620480856171,2.4316852410734393,0.0,0.1125459931080669,2.6118150452557867,0.0,0.11675869820427293,0.912647307611655,0.0,0.12099212406000998,0.04828030833809489,0.0,0.0002410306654087695,4.0784347697638064e-05,3.732711762229712e-05,3.572430451965381e-05,3.553855790635279e-05,3.549509305135805e-05
76,13,0.21290157353758568,0.2516639214536977,0.30304147080605903,0.21844186440584185,3.0467649664208616,0.027385858106967736,0.21849085410497718,7.1188328827358704,3.894584127605422e-05,0.2747958017063259,8.074658691305139,7.572294633001176e-07,0.2750675330363987,4.2711495717874115,0.23970287838238422,0.27533958277766696,1.6831285107220837,0.22648922007938768,0.2756119499554628,0.9924068979317675,0.0,0.13489056213009623,0.46382934037243956,0.0,0.13524476007752836,0.6038088255443386,0.0,0.13558725704124625,0.9731446085562943,0.0,0.13585506049932475,1.8939802245944957,0.0,0.11423620988703263,2.4316852410734393,0.0,0.1125459931080669,2.6118150452557867,0.0,0.11675869820427293,0.912647307611655,0.0,0.12099212406000998,0.04828030833809489,0.0,9.681943521487259e-05,5.147851375603447e-06,1.6187236537570999e-06,7.572294633001176e-07,5.560116447595251e-07,5.085705032881486e-07
77,14,0.21286734196510126,0.25171074687667466,0.3030338320491134,0.21844332246249065,3.0467649664208616,0.02738642398021795,0.2184920137482342,7.1188328827358704,3.8949100158133167e-05,0.274794597635848,7.990770646651977,0.0,0.2750660435470612,4.271126443408264,0.23970287838238422,0.2753379392472359,1.68311846389405,0.22648922007938768,0.27561028306349405,0.9924008958513316,0.0,0.13486416590710107,0.4637385576013615,0.0,0.13522507271885414,0.6037209172838353,0.0,0.13557449484915893,0.9730530023995688,0.0,0.13584943953204529,1.8939018584200966,0.0,0.11423629287862953,2.4316852410734393,0.0,0.1125459931080669,2.6118150452557867,0.0,0.11675869820427293,0.912647307611655,0.0,0.12099212406000998,0.04828030833809489,0.0,3.918666603132404e-05,5.658732502115431e-07,3.258882078952184e-09,0.0,0.0,0.0
78,15,0.21283518974891089,0.2517373205602481,0.3030294986739422,0.21844531742691042,3.0467649664208616,0.027386471739726928,0.2184936593478397,7.1188328827358704,3.8949100158133167e-05,0.2747938116222941,7.939735031043314,0.0,0.275064910211142,4.271108845303837,0.23970287838238422,0.27533658765033325,1.6831102016513821,0.22648922007938768,0.2756088416766214,0.9923957057652119,0.0,0.13483703859627752,0.4636452599427665,0.0,0.13520446197672878,0.6036288852905126,0.0,0.13556061856864077,0.9729533985724181,0.0,0.13584251892727395,1.8938053720891503,0.0,0.11423654577379608,2.4316852410734393,0.0,0.1125459931080669,2.6118150452557867,0.0,0.11675869820427293,0.912647307611655,0.0,0.12099212406000998,0.04828030833809489,0.0,2.224030840227211e-05,4.775950897985255e-08,0.0,0.0,0.0,0.0
79,16,0.2128094526739807,0.25174130830795705,0.3030288485786529,0.21844777756829284,3.0467649664208616,0.027386471739726928,0.21849572836764147,7.1188328827358704,3.8949100158133167e-05,0.2747933918749442,7.913963622636408,0.0,0.2750640907923361,4.2710961216258765,0.23970287838238422,0.27533549536945995,1.6831035246006136,0.22648922007938768,0.2756076028559942,0.9923912450745129,0.0,0.13480921538528234,0.46354956841413153,0.0,0.13518297743899213,0.6035329509664532,0.0,0.13554569207732267,0.9728462555106644,0.0,0.13583437657181482,1.8936918512198453,0.0,0.11423705590507616,2.4316852410734393,0.0,0.1125459931080669,2.6118150452557867,0.0,0.11675869820427293,0.912647307611655,0.0,0.12099212406000998,0.04828030833809489,0.0,3.33765241968936e-06,0.0,0.0,0.0,0.0,0.0
80,17,0.22068606259342544,0.24960081033787493,0.3029898023963362,0.22026658126133522,3.046521101300168,0.027424882955204885,0.21832577314636628,6.925676478545034,3.662891921507603e-05,0.27463931012475473,7.673101149471598,3.5426189393731556e-05,0.27492797531355007,4.26898152309194,0.23973820897409925,0.27521747078758246,1.6823929492924283,0.22651331952803588,0.27550779340843223,0.9920317270343485,0.0,0.13470038838469336,0.463175057918952,0.0,0.13509873429552557,0.6031566075962492,0.0,0.13548625355218968,0.9724194627911622,0.0,0.13579997337231292,1.8932121084265678,0.0,0.11423103289045443,2.431557026564721,0.0,0.1125459931080669,2.6118150452557867,0.0,0.11675869820427293,0.912647307611655,0.0,0.12099212406000998,0.04828030833809489,0.0,0.0002001142022587442,3.841121547796163e-05,3.662891921507603e-05,3.5426189393731556e-05,3.533059171504935e-05,3.5308223352053454e-05
81,18,0.22068606259342544,0.239166896345996,0.302832313823586,0.22068606259342544,2.9250668175652224,0.02760742437258945,0.22068606259342544,6.685504686911466,0.00018231022172979802,0.2767238482973498,7.552821676901193,0.00017830434759332026,0.2767238482973498,4.3534685052346465,0.23991650100747114,0.2767238482973498,1.719649215900234,0.22663432190366337,0.2767238482973498,0.9999161539929142,0.0,0.13474061411710828,0.46333243590566764,0.0,0.13503727128891965,0.6028820773261746,0.0,0.1354418191451097,0.9721004410699915,0.0,0.13577281337766325,1.8928333902615952,0.0,0.11422631269864836,2.43145654695296,0.0,0.11254598272746402,2.6118148043567864,0.0,0.11675869820427293,0.912647307611655,0.0,0.12099212406000998,0.04828030833809489,0.0,0.000798702434105968,0.00018254141738456152,0.00018231022172979802,0.00017830434759332026,0.00017829203337190388,0.00017828915227333607
82,19,0.22068606259342544,0.21021004327960693,0.30263842226993415,0.22068606259342544,2.589183129839941,0.02782624499819342,0.22068606259342544,6.119161068622902,0.00021854002241883041,0.2767238482973498,7.446026743428036,0.00021373728355546234,0.2767238482973498,4.6469751021396455,0.24013022334410344,0.2767238482973498,1.9753717908422739,0.22679796263203544,0.2767238482973498,1.069433312169081,0.0,0.1359303629581563,0.4720722640547329,0.0,0.1359303629581563,0.5809187405340553,0.0,0.1359303629581563,0.9096750045075152,0.0,0.1359303629581563,1.7344263046763044,0.0,0.1359303629581563,2.7205470670452065,0.0,0.11436904514919642,2.650620180155266,0.0,0.11675869820427293,0.912647307611655,0.0,0.12099212406000998,0.04828030833809489,0.0,0.000957504112284582,0.00021882062560397208,0.00021854002241883041,0.00021373728355546234,0.00021372233663231015,0.00021371883957203278
83,20,0.22068606259342544,0.18697422131891997,0.30248798995937615,0.22068606259342544,2.3181942525325514,0.02797997685933212,0.22068606259342544,5.709580594888898,0.00015244309892936125,0.2767238482973498,7.299002329007799,0.00014884265135649917,0.2767238482973498,4.879869269435009,0.24027899700508396,0.2767238482973498,2.2118192368420293,0.2269467201512774,0.2767238482973498,1.1492166040150489,0.0,0.1359303629581563,0.4815779072709854,0.0,0.1359303629581563,0.5615796934219546,0.0,0.1359303629581563,0.8514882985009382,0.0,0.1359303629581563,1.588871514148217,0.0,0.1359303629581563,2.5468417193004176,0.0,0.1359303629581563,3.0746887048592826,0.0,0.11911859457499857,0.9673403317106092,0.0,0.12099212406000998,0.04828030833809489,0.0,0.0006929617385307447,0.00015373186113869718,0.00015244309892936125,0.00014884265135649917,0.00014877366098050323,0.00014875751924196395
84,21,0.22068606259342544,0.13405982201791622,0.30171085285246857,0.22068606259342544,1.6841103079982604,0.02867186452762924,0.22068606259342544,4.700477721214705,0.0008272131641398183,0.2767238482973498,7.141279370559518,0.0006562137157919656,0.2767238482973498,5.4133724947226325,0.2409342920992696,0.2767238482973498,2.841935523154575,0.22760180029617774,0.2767238482973498,1.3998625609373951,0.0,0.1359303629581563,0.5213593554655852,0.0,0.1359303629581563,0.5232559328171057,0.0,0.1359303629581563,0.71276426565263,0.0,0.1359303629581563,1.2363193518647857,0.0,0.1359303629581563,2.08908126433354,0.0,0.1359303629581563,2.8225340050207377,0.0,0.1359303629581563,2.045291839340356,0.0,0.1359303629581563,0.42581085577398553,0.0,0.0033267977061717563,0.0006918876682971208,0.0006747700652104571,0.0006562137157919656,0.0006552950941856354,0.0006550801449003807
85,22,0.2206651374690957,0.13828010923826475,0.30084227799326974,0.2206892877388259,1.6841103079982604,0.029296354743539234,0.22068900129547178,4.700477721214705,0.0014169876815765044,0.27672650055604203,7.141279370559518,0.0012252210242606322,0.27672621411268794,5.4133724947226325,0.2415014309027765,0.27672592766933385,2.841935523154575,0.22816850183263737,0.2767256412259797,1.3998625609373951,0.0,0.13590038473155897,0.5212443489560182,0.0,0.13590608479641514,0.5231624587670807,0.0,0.13591178486127128,0.7126668362531339,0.0,0.13591748492612743,1.236202211967591,0.0,0.1359231849909836,2.0889709420457163,0.0,0.13592871990499583,2.822499887334492,0.0,0.1359303629581563,2.045291839340356,0.0,0.1359303629581563,0.42581085577398553,0.0,0.0033517123611497474,0.0006244902159099939,0.000589774517436686,0.0005690073084686667,0.0005671388035069078,0.0005667015364596259
86,23,0.22068606259342544,0.14108210480944836,0.3000613078318669,0.22068606259342544,1.672519422360746,0.02992956187036837,0.22068606259342544,4.683184514803617,0.0020319816645499897,0.2767238482973498,7.09057993658423,0.0005974816009031524,0.2767238482973498,5.416798884932734,0.24209793479468084,0.2767238482973498,2.8445227819375214,0.22876477694667283,0.2765254499982821,1.3989739588053798,0.0,0.13567905820855425,0.5203940688839606,0.0,0.13572556509885966,0.5224666345960026,0.0,0.13577207486536805,0.7119334992921127,0.0,0.1358185875072115,1.2353020611836254,0.0,0.13586510302352245,2.088077912565864,0.0,0.13591133500841593,2.822138851453011,0.0,0.1359303629581563,2.045291839340356,0.0,0.1359303629581563,0.42581085577398553,0.0,0.003091301855331448,0.0006332071268291342,0.0006149939829734854,0.0005974816009031524,0.0005965038919043264,0.0005962751140354322
87,24,0.2205784923153867,0.14489499738098902,0.29930449142816573,0.22063798617238223,1.6721549848976087,0.030550332175555774,0.2206421374447331,4.682252192543923,0.0026335005733169273,0.27668407442100834,7.053868717117722,0.0005840599007152318,0.2766882256933592,5.416101491752771,0.2426809610471899,0.2766923769657101,2.8441992424139224,0.22934756132995793,0.27649839534859044,1.398837072837794,0.0,0.13562357605094086,0.5201811812239269,0.0,0.13567997044683974,0.5222910620017724,0.0,0.13573639115131364,0.7117463392298846,0.0,0.13579283810799567,1.235067819920472,0.0,0.13584931126065655,2.0878351845686822,0.0,0.1359055241896902,2.822018187209358,0.0,0.1359303300355631,2.045291343966651,0.0,0.1359303629581563,0.42581085577398553,0.0,0.003056076167839463,0.0006207703051874035,0.0006015189087669375,0.0005840599007152318,0.0005830262525090607,0.0005827843832851164
88,25,0.22004066357442525,0.14518228855981158,0.2992493405688266,0.22021186138315,1.6689192523352134,0.03059709862080038,0.22025231580116983,4.67396513667967,0.0026787215670957595,0.27633052570261746,7.010553877430545,4.388638488981312e-05,0.2763709912608587,5.409884580653445,0.24272476458113226,0.27641145848772114,2.841308667158296,0.22939134547846593,0.27625406297504945,1.3975998740848674,0.0,0.1353824983681406,0.5192548866487983,0.0,0.13548087093034203,0.5215235152831726,0.0,0.13557929796749105,0.7109216521266182,0.0,0.13567777935884778,1.2340204460679196,0.0,0.1357763149838672,2.0867127193210324,0.0,0.13587461841054796,2.8213762963849383,0.0,0.13592917833359724,2.0452740146037396,0.0,0.1359303629581563,0.42581085577398553,0.0,0.00023214031948345454,4.6766445244606395e-05,4.522099377883173e-05,4.388638488981312e-05,4.3803533942360744e-05,4.378414850801288e-05
89,26,0.2194406684332117,0.14522295756663756,0.2992415529021538,0.21981189399517073,1.6658825045870709,0.030598484831283624,0.21988591050874784,4.6661767087685195,0.0026790273197529876,0.2759973797072274,6.9735120577363645,8.92588912550778e-08,0.2760715170681094,5.404016098330952,0.24272480488399634,0.2761456723404643,2.8385739493645636,0.22939137369040075,0.2760222533104063,1.3964261384377183,0.0,0.13515097160573114,0.518365352512693,0.0,0.13528864829584134,0.5207825172369613,0.0,0.13542642864592827,0.7101191639289193,0.0,0.13556431232000624,1.2329875735995761,0.0,0.1357022989830323,2.0855745652032844,0.0,0.13584010205041094,2.8206593973333463,0.0,0.13592642881635497,2.0452326428394896,0.0,0.1359303629581563,0.42581085577398553,0.0,3.288134015316816e-05,1.3862104832443906e-06,3.057526572280381e-07,8.92588912550778e-08,4.0302864109038244e-08,2.8211934820765576e-08
90,27,0.219257454930569,0.14522296387471315,0.2992415516946876,0.21963479002483688,1.6645392091754527,0.030598484831283624,0.219723356064139,4.662724605282902,0.0026790273197529876,0.2758488099733202,6.9463134508168425,0.0,0.27593769928004347,5.4013953854568575,0.24272480488399634,0.27602663624804713,2.837349818405457,0.22939137369040075,0.2759183038180864,1.3959000486997626,0.0,0.13502816686267385,0.5178939121798781,0.0,0.135186204902487,0.5203878709910382,0.0,0.1353444156227101,0.7096888615835212,0.0,0.13550279826240036,1.2324278355749572,0.0,0.1356613520636563,2.084945072335382,0.0,0.13581979008942957,2.820237565407508,0.0,0.1359240298144668,2.0451965453445977,0.0,0.1359303629581563,0.42581085577398553,0.0,5.1006093817004314e-09,0.0,0.0,0.0,0.0,0.0
91,28,0.21909253558636307,0.145243920388486,0.29923753989431895,0.2194448016529455,1.663098103749767,0.030599045629230923,0.21954881923423036,4.659017834396219,0.0026791058616024,0.27568904096845526,6.92259916745337,1.0406309900709629e-08,0.2757936243672046,5.398573690172372,0.24272480639239374,0.2758982909499424,2.8360299098731607,0.22939137432910853,0.27580600089951623,1.3953316649481764,0.0,0.13489772721018164,0.5173931335283052,0.0,0.13507703037956204,0.519967273222552,0.0,0.13525658533816545,0.7092280176660498,0.0,0.13543639079301245,1.2318235488445994,0.0,0.13561644545648754,2.0842546854946367,0.0,0.13579646193870232,2.8197530835139943,0.0,0.13592041902161262,2.0451422136913813,0.0,0.1359303629581563,0.42581085577398553,0.0,1.694471340414087e-05,5.60797947298197e-07,7.854184941237562e-08,1.0406309900709629e-08,1.5083973956611212e-09,6.387077786304413e-10
92,29,0.21895904073324626,0.14537137341312625,0.29921313137006017,0.2192156443349309,1.6613595822942993,0.030617258118040874,0.2193381740233514,4.65454346599872,0.0026960286496155493,0.2754960953170926,6.901321744515937,1.6260089196260993e-05,0.275619476400742,5.395162644471904,0.24274099725681073,0.27574298234080014,2.8344325533165255,0.22940754899554697,0.27566985242735476,1.3946425352785066,0.0,0.1347463691735814,0.5168119556507743,0.0,0.13495000799696516,0.5194778513774002,0.0,0.13515398833551992,0.7086896342287506,0.0,0.13535830823374276,1.231112961245526,0.0,0.1355629657441571,2.083432445140188,0.0,0.13576767289968422,2.8191551651744593,0.0,0.1359149887232237,2.0450605028177504,0.0,0.1359303629581563,0.42581085577398553,0.0,0.00010304450038151709,1.821248880995175e-05,1.6922788013149364e-05,1.6260089196260993e-05,1.6190864417004236e-05,1.6174666438454004e-05
93,30,0.22068606259342544,0.12823990668980043,0.2984188488624867,0.22068606259342544,1.4584707749164678,0.031297991475668696,0.22068606259342544,4.284667617625139,0.0033594094758029776,0.2767238482973498,6.814611749095656,0.0006450173802390398,0.2767238482973498,5.55788273662665,0.24338508335170653,0.2767238482973498,3.0733671508565776,0.23005141717745073,0.2767238482973498,1.5220986260731524,0.0,0.1359303629581563,0.5484269387824631,0.0,0.1359303629581563,0.5229611594465662,0.0,0.1359303629581563,0.6854924683341413,0.0,0.1359303629581563,1.1645497254487744,0.0,0.1359303629581563,1.9764931027369619,0.0,0.1359303629581563,2.728108549516883,0.0,0.1359303629581563,2.1441729724767398,0.0,0.1359303629581563,0.631545092068936,0.0,0.0032824890430051697,0.0006807333576278224,0.0006633808261874286,0.0006450173802390398,0.0006440860948957909,0.000643868181903796
94,31,0.22068606259342544,0.027359003752006814,0.29748032981301464,0.22068606259342544,0.40639963480992797,0.03215572285789462,0.22068606259342544,2.045499453082048,0.004214909934722704,0.2767238482973498,5.904671938399141,0.0008364402593854141,0.2767238482973498,6.3487137878048525,0.24422140442220036,0.2767238482973498,4.635914422650904,0.2308877103614832,0.2767238482973498,2.4964929510854654,0.0,0.1359303629581563,0.7476743354837545,0.0,0.1359303629581563,0.5917347128789102,0.0,0.1359303629581563,0.5378442388803357,0.0,0.1359303629581563,0.6536569913098418,0.0,0.1359303629581563,1.0547308676929772,0.0,0.1359303629581563,1.7788318051747254,0.0,0.1359303629581563,2.5248999464469506,0.0,0.1359303629581563,2.225587838618086,0.0,0.0037741548376441767,0.0008577313822259257,0.0008555004589197269,0.0008364402593854141,0.0008363210704938392,0.0008362931840324622
95,32,0.22062201307918636,0.03457410218780211,0.29580565317572477,0.22061333314477713,0.4062656573165949,0.03333063475652055,0.22061922463948969,2.044879756414887,0.00536663020215541,0.27666290183812664,5.90337118992463,0.001957868574032314,0.27666879333283917,6.347450442531737,0.24534158791080135,0.27667468482755175,4.63509064783086,0.23200760256848843,0.2766805763222643,2.4961025074113325,0.0,0.13585772390544903,0.7472745764277227,0.0,0.13586917246337768,0.591468217255199,0.0,0.13588062102130632,0.5376473497730854,0.0,0.13589206957923497,0.6534727956100463,0.0,0.13590351813716361,1.0545225282641915,0.0,0.13591496669509226,1.7786303015207487,0.0,0.13592627740969648,2.524824055300044,0.0,0.1359303629581563,2.225587838618086,0.0,0.00554042179850544,0.0011749118986259298,0.0011517202674327061,0.0011214283146469002,0.0011201834886010013,0.0011198922070052573
96,33,0.22068606259342544,0.03980869377983077,0.2945416034026674,0.22068606259342544,0.4027725781148154,0.03423541458955991,0.22068606259342544,2.0314182362655595,0.0062479489013929,0.2767238482973498,5.8850117388975365,0.002814695288652037,0.2767238482973498,6.346488425052609,0.2461971548786058,0.2767238482973498,4.643125184453875,0.23286287475969253,0.2767238482973498,2.5039810979592265,0.0,0.1359303629581563,0.7504743354314435,0.0,0.1359303629581563,0.5923939795750672,0.0,0.1359303629581563,0.5379982720158388,0.0,0.1359303629581563,0.6534537249865859,0.0,0.1359303629581563,1.0543718661532124,0.0,0.13592230166668237,1.7785158278969941,0.0,0.1359170997129596,2.5246535685140357,0.0,0.1359303629581563,2.225587838618086,0.0,0.0043693710307740954,0.0009047798330393558,0.0008813186992374898,0.0008568267146197224,0.000855566967804461,0.0008552721912040993
97,34,0.22026308775793468,0.04375755358105889,0.2936803064732003,0.2203101098590987,0.40208525853537835,0.034877531555475315,0.22034035205226774,2.028230973055549,0.006874175821417422,0.2764083799493611,5.878295101248909,0.00342370018827334,0.2764386221425301,6.339940192117371,0.24680530711201332,0.27646886433569917,4.638842885046248,0.23347082747759734,0.27649910652886817,2.501945832285986,0.0,0.13570032754052933,0.7492021522296914,0.0,0.13573609510210063,0.5915461350259386,0.0,0.13577186266367197,0.5373702119533662,0.0,0.1358076302252433,0.6528631826041973,0.0,0.13584339778681465,1.053696871037574,0.0,0.1358711067719595,1.7778457006511408,0.0,0.13590158685282486,2.524365384993857,0.0,0.1359303629581563,2.225587838618086,0.0,0.0030875628717610074,0.0006421169659154136,0.0006262269200245219,0.0006090048996213031,0.0006081522334075041,0.0006079527179048257
98,35,0.21988347021882826,0.047071897746063615,0.2929709983130592,0.2200005520265973,0.40151949340448934,0.03540730431222606,0.2200555344212504,2.0256058359853952,0.007387696077800336,0.2761480531098352,5.872753588396381,0.003922358201556855,0.276203117326681,6.334534436882274,0.24730309270982023,0.27625819319182976,4.635305359785796,0.23396840893614923,0.2763132806961121,2.5002632270683725,0.0,0.13550382724362353,0.7481156999253524,0.0,0.13556994517581297,0.5908211561480401,0.0,0.1356360800748072,0.5368322612951225,0.0,0.13570223190848504,0.6523561115004122,0.0,0.13576840064479068,1.0531148191498585,0.0,0.135826530451259,1.777262237171326,0.0,0.13588742496610798,2.5241023012197465,0.0,0.1359303629581563,2.225587838618086,0.0,0.0026050360048636154,0.000529772756750738,0.0005135202563829142,0.0004986580132835153,0.0004977855978069069,0.0004975814585518885
99,36,0.2197684706851738,0.04819422813819534,0.29273614864701014,0.21986297889717268,0.4012682537755636,0.035567951649215154,0.2199287998202395,2.0244385748188782,0.007538090400281117,0.27603169972358493,5.870278094576984,0.004067138203259204,0.2760977522971098,6.332117037962114,0.24744732179608006,0.2761638378001719,4.63372164029464,0.23411250910702805,0.2762299561998523,2.499509025110053,0.0,0.13539603692783556,0.7475201165584339,0.0,0.13547867049211165,0.5904231081456826,0.0,0.13556135258899996,0.5365363353219698,0.0,0.13564408308804757,0.6520764550824887,0.0,0.13572686185913888,1.052792516621529,0.0,0.13580163579947915,1.7769364360551954,0.0,0.13587920106014414,2.5239495333214492,0.0,0.1359303629581563,2.225587838618086,0.0,0.0008874807260826471,0.00016064733698910384,0.0001503943224807816,0.0001447800017023482,0.00014422908625983375,0.00014410017087881566
100,37,0.21957683342887985,0.04850749337288984,0.2926711232353119,0.2194350642976492,0.40048575101254597,0.03562328526645466,0.21953486036248204,2.020805865949268,0.007593023513789311,0.27567118500553334,5.862601116469503,0.004120788532594898,0.27577139246773336,6.324623335959131,0.2475009506914021,0.27587165838418753,4.628814002842408,0.23416613298744787,0.275971982697206,2.497172530326048,0.0,0.13513677426858664,0.7460859839597395,0.0,0.13525907579779428,0.58946454931193,0.0,0.13538146540758272,0.5358234163947118,0.0,0.13550394282932327,0.6514020675981451,0.0,0.13562650779500857,1.0520135243032382,0.0,0.13574110993644423,1.7761441144703727,0.0,0.13585853827246863,2.52356566467415,0.0,0.13593035650468624,2.2255877329554155,0.0,0.00024823982299630607,5.5333617239503744e-05,5.493311350819416e-05,5.365032933569402e-05,5.362889532205889e-05,5.36238804198296e-05
101,38,0.21921200277026795,0.04874549086541213,0.29262180421921846,0.2189019955058553,0.3995104905772558,0.035665346469580916,0.2190439856717118,2.0162772665836535,0.0076347812693669855,0.27522166138795795,5.853025643198298,0.004161571401030429,0.2753643385726694,6.315274040487324,0.24754171732036298,0.2755071131991779,4.622689254056625,0.23420689581687223,0.2756499851422036,2.4942554851871943,0.0,0.13482190273612285,0.7443435279318124,0.0,0.13499219727543255,0.5882991824901425,0.0,0.13516263901855313,0.534955925909038,0.0,0.13533322737786507,0.650580359580052,0.0,0.13550396176767998,1.0510621124299797,0.0,0.13566679441599222,1.7751711787211875,0.0,0.1358325069740471,2.523082041921638,0.0,0.13593032039020297,2.225587141652822,0.0,0.00018867847642883414,4.2061203126251485e-05,4.1757755577673663e-05,4.07828684355308e-05,4.0766628960848954e-05,4.0762829424345205e-05
102,39,0.21896740846954768,0.04933132488987715,0.29250036789646566,0.21848852130644736,0.3987544449998554,0.03576755855585042,0.21866298065572778,2.012764043861274,0.007735938041816268,0.2748719122361665,5.845578208000323,0.004260293190033156,0.27504745634621675,6.3079982120714115,0.24764038260485832,0.2752231539148974,4.617919831450418,0.2343055478809306,0.27539900466616785,2.491982385363228,0.0,0.13456858767729293,0.7429423582545331,0.0,0.13477729154915927,0.5873611248869228,0.0,0.13498622600567153,0.5342567939350503,0.0,0.13519538981552243,0.6499170646925939,0.0,0.1354047817534727,1.050292240392275,0.0,0.13560635636093119,1.7743800071542972,0.0,0.1358108875503238,2.5226803982777675,0.0,0.13593025924624696,2.225586140542377,0.0,0.0004643977017121924,0.00010221208626950498,0.00010115677244928266,9.872178900272732e-05,9.866528449536374e-05,9.865206405836524e-05
103,40,0.21873655362056646,0.05013044073625425,0.2923350119701509,0.21807558632422375,0.39799938725848677,0.03590699142012202,0.21828231645448837,2.00925396925017,0.007873917540495328,0.2745220140342001,5.838127594935178,0.004394948135490986,0.2747303227328619,6.300716604980755,0.24777495972874955,0.2749388542507944,4.613144685862089,0.23444010679676433,0.2751476080858191,2.489705513489517,0.0,0.1343148703966258,0.7415389595521247,0.0,0.13456189060587154,0.5864209022148013,0.0,0.1348092445956325,0.5335554064226644,0.0,0.13505693016529877,0.6492507731565611,0.0,0.13530494512768057,1.0495172677312425,0.0,0.13554524605251494,1.7735800314071373,0.0,0.1357885987472694,2.5222663169256867,0.0,0.13593015547421994,2.225584441481677,0.0,0.0006337599200623473,0.00013943286427160046,0.00013797949867906117,0.00013465494545783044,0.0001345771238912394,0.00013455891583373495
104,41,0.21849464344166936,0.052057920341902646,0.2919358261565209,0.21774251702257272,0.39739058848191167,0.036228843327680005,0.21797501882318362,2.006421355729714,0.00818887081325947,0.27423868834082793,5.83209601872382,0.00470149154382193,0.27447335997181627,6.294817855697588,0.24808113328290826,0.2747083372568913,4.609273641189606,0.23474619381193107,0.27494361937741413,2.487858328189652,0.0,0.13410228101030158,0.7403634142059975,0.0,0.13438122491525353,0.5856325023668442,0.0,0.13466062595699108,0.5329665462597267,0.0,0.13494048057153488,0.6486904891819912,0.0,0.13522078522022796,1.0488640598980066,0.0,0.1354934981492888,1.7729026627578461,0.0,0.1357693766316422,2.521909216554533,0.0,0.13593002519309408,2.225582308386753,0.0,0.0015282937920183832,0.0003218519075579839,0.00031495327276413987,0.00030654340833094306,0.0003061735541586936,0.0003060870151667152
105,42,0.22068606259342544,0.052566031154591276,0.291824015088497,0.21754703677635617,0.3967736126677874,0.03631424390856849,0.21764366714718256,2.003366678845705,0.008270805092861324,0.27393300582742663,5.8255879684652685,0.0047808547197562435,0.2741960572250144,6.288451716447926,0.24816031052620705,0.2744595080361563,4.605094802655288,0.23482532754975968,0.2747233570524908,2.485863661753837,0.0,0.13387553966628177,0.739109480918269,0.0,0.13418842674845205,0.5847910820177752,0.0,0.13450191138593254,0.5323376365594368,0.0,0.1348159882858938,0.6480914729770243,0.0,0.13513065219682285,1.0481644607521232,0.0,0.13543786271501773,1.7721743862804593,0.0,0.13574836818084443,2.5215189252648296,0.0,0.13592983393519428,2.2255791769167454,0.0,0.0004357101261660442,8.540058088848548e-05,8.1934279601855e-05,7.936317593431415e-05,7.917724329879319e-05,7.913373782861381e-05
106,43,0.22068606259342544,0.04281154792647641,0.29092423375171134,0.22068606259342544,0.317573387879508,0.036857057764957256,0.22068606259342544,1.6621771220192707,0.008752817673001484,0.2767238482973498,5.330963497886074,0.005238383294238842,0.2767238482973498,6.276033451171699,0.24861454979892927,0.2767238482973498,4.8816867217908,0.23527879689194278,0.2767238482973498,2.7800928653818193,0.0,0.1359303629581563,0.8669637853370138,0.0,0.1359303629581563,0.627652900664562,0.0,0.1359303629581563,0.5492113956511154,0.0,0.1359303629581563,0.6312034151003212,0.0,0.1359303629581563,0.9814505643267376,0.0,0.1359303629581563,1.652506953312081,0.0,0.1359303629581563,2.3985157132201915,0.0,0.1359303629581563,2.2757437789993817,0.0,0.0034510818512047633,0.000542813856388764,0.0004820125801401601,0.0004575285744825986,0.00045423927272222355,0.0004534693421830822
107,44,0.21998321542430535,0.05525996449298196,0.28826208452881324,0.22001854042384777,0.31660989054665106,0.03897152281551263,0.22007137751429812,1.6575344670438152,0.010835478141231612,0.2761620003086728,5.320117722161499,0.00726858686473426,0.2762148373991231,6.264467926834331,0.2506430452305189,0.2762676744895734,4.8736260696556375,0.23730689261729887,0.27632051158002374,2.7760348476698042,0.0,0.13554369237407607,0.8644905651717589,0.0,0.13560198216116554,0.6261329438286153,0.0,0.135660271948255,0.5481179505446712,0.0,0.13571856173534447,0.630218364467218,0.0,0.13577685152243393,0.9803409209410575,0.0,0.1358351413095234,1.6513485311618576,0.0,0.13589343109661287,2.397863866773196,0.0,0.13592984282526818,2.2757350709102693,0.0,0.009786267343607491,0.002114465050555374,0.002082660468230129,0.0020302035704954187,0.002028495431589623,0.0020280957253561013
108,45,0.21811837934647263,0.07218557724454709,0.28477434615237496,0.21855804306153973,0.3146420203623711,0.0418176272849717,0.2187261977416748,1.6473405265807406,0.013807242789490025,0.2749316884075724,5.296310338637462,0.010170826356325206,0.2750999871119122,6.2390809977371156,0.2535440944412873,0.27526830604401514,4.855932248745194,0.240207663311375,0.2754366451760587,2.767126650517885,0.0,0.13473929571753243,0.8593295368575283,0.0,0.13491853138701743,0.6229611701606098,0.0,0.13509779457447083,0.5458358707644837,0.0,0.13527708519500148,0.6281616478931985,0.0,0.13545640316399954,0.9780217346088966,0.0,0.13563574839713557,1.6489209470117583,0.0,0.1358151208103594,2.39648127104539,0.0,0.13592854080578193,2.275713272313813,0.0,0.013437874375126831,0.0029939555990537068,0.0029717646482584122,0.0029022394915909446,0.0029010492107684077,0.002900770694076138
109,46,0.21690474868689053,0.09307613168812316,0.2807181049050412,0.21750966262369098,0.3135695757400973,0.04511698138910591,0.21776008521592988,1.6400319497342597,0.017521048462388087,0.27404637621998773,5.279200504321454,0.013797298196117348,0.27429741953920583,6.220826053521148,0.25716897341560546,0.27454854933235173,4.843201932610156,0.2438321695451599,0.27479976529310607,2.760713518048805,0.0,0.1341495676442458,0.8555518821025521,0.0,0.1344171249985968,0.6206373835860957,0.0,0.13468479751656565,0.5441621212925203,0.0,0.13495258430241824,0.6266511987492895,0.0,0.13522048446858273,0.9763153835880067,0.0,0.13548849713556624,1.6471288709698149,0.0,0.13575662143187217,2.3954485946025486,0.0,0.1359274231097823,2.2756945597129077,0.0,0.016834313196242314,0.0037434606782264734,0.0037138056728980603,0.0036264718397921425,0.0036248789743181884,0.003624506233784887
110,47,0.2163671098912588,0.10399405376043587,0.2788986901091206,0.21680682541077984,0.3128532681675211,0.04680508836867734,0.21711187941209123,1.6351354962045068,0.01948516267246549,0.2734505747645129,5.26769804049622,0.0157132737420902,0.27375697935704607,6.208545145200764,0.2590836501693502,0.2740635711651073,4.834631486027685,0.2457465423909643,0.27437034927538323,2.756392735543972,0.0,0.13374023493780132,0.852933333035642,0.0,0.13406879077940825,0.6190248588728208,0.0,0.13439759598064102,0.5429992716456433,0.0,0.13472664783335073,0.6256003052441125,0.0,0.13505594366233561,0.9751259230132936,0.0,0.13538548082491597,1.6458755523833684,0.0,0.13571525671051382,2.3947184846204754,0.0,0.13592653221022377,2.2756796441901934,0.0,0.009098507276392116,0.001988318911163699,0.0019641142100774067,0.0019159755459728543,0.0019146767537447287,0.0019143728458044004
111,48,0.2140873899034424,0.11817964826175124,0.276623221219324,0.2151519692583103,0.31098021977128326,0.048947982193819295,0.21558648733299712,1.6235660200048998,0.022147031422278158,0.27205189712395855,5.240615665609942,0.018314146980794553,0.27248867116951214,6.1796472515505965,0.26168375690282225,0.27292575691405857,4.814476141711452,0.24834646977567487,0.27336315256433785,2.746236905573669,0.0,0.13282836183327987,0.8470779046044666,0.0,0.13329295714678338,0.6154218155071047,0.0,0.13375796946710347,0.5404026657584589,0.0,0.13422339336363331,0.6232546921435873,0.0,0.13468922348175394,0.9724709344007432,0.0,0.13515545454178124,1.643074373273723,0.0,0.13562208133792417,2.3930732600018096,0.0,0.13592430721450674,2.2756423927407257,0.0,0.011910125611518718,0.0026761778340035464,0.002661868749812667,0.00260087323870435,0.0026001067334720227,0.002599927384710593
112,49,0.22068606259342544,0.12239754627528462,0.2755878793959859,0.21958090481000372,0.31311446355520633,0.05002380925462739,0.21475790067321815,1.6173019191674947,0.023508221154619167,0.2712884862448789,5.22586847501745,0.0196418651397331,0.2717958141438238,6.16389420536039,0.26301054931453255,0.2723036370013114,4.803476723891739,0.2496730455754742,0.2728119511320516,2.740688286059501,0.0,0.13231321067902382,0.8437798729259793,0.0,0.13285413536821858,0.6133890560833962,0.0,0.13339572395117616,0.5389351641274633,0.0,0.13393796526513066,0.6219265071042727,0.0,0.1344808483566902,0.9709641120163457,0.0,0.13502436247770028,1.6414791499593633,0.0,0.13556849708118537,2.3921273835281482,0.0,0.13592290821264585,2.2756189704347727,0.0,0.006317277326199286,0.0013784531728509722,0.0013611897323410073,0.001327718158938548,0.0013267924117103098,0.001326575799799347
113,50,0.21813274878601416,0.13286769127526435,0.2741285855242031,0.21779377360535743,0.3110452207627723,0.05153748112839557,0.21312792789495702,1.6049330188149715,0.025508533238719027,0.26979110997985994,5.19686421531747,0.021595731753151375,0.2704373852368548,6.132932465138242,0.26496369736200953,0.27108437186114454,4.781871967849055,0.2516260254922264,0.27173206361926533,2.7297965458020754,0.0,0.13133809815342465,0.8375152754138586,0.0,0.13202379198462907,0.6095312397259903,0.0,0.132710443627032,0.5361522507871697,0.0,0.1333980340532672,0.6194092471232393,0.0,0.13408654465215372,0.9681088311428381,0.0,0.13477595721940983,1.638453743494913,0.0,0.13546625394854805,2.390321925783282,0.0,0.13592002346843615,2.275570673072243,0.0,0.009010851128196941,0.0020137248843425126,0.002000312084099864,0.0019538666134182735,0.0019531480474769903,0.0019529799167521567
114,51,0.2163920504101009,0.14103412819128813,0.27308440622540076,0.21645909307770012,0.30953950174041944,0.052640584323891626,0.21191485557125148,1.5957458392693118,0.02699508065620374,0.2686727940216452,5.175232936252436,0.02304345392172666,0.26942219574256576,6.109823423989526,0.2664098766184499,0.27017259425457796,4.765734121633444,0.2530718437096203,0.27092397897688336,2.721654384765535,0.0,0.13059962673918044,0.8327795720636404,0.0,0.13139438041606816,0.6066114343852446,0.0,0.13219048116956866,0.5340433316015575,0.0,0.13298789668032232,0.6174989764314367,0.0,0.13378659549869748,0.9659383339919659,0.0,0.134586547020279,1.63614786778376,0.0,0.13538772146200348,2.3889354047424765,0.0,0.13591765131164812,2.2755309577713483,0.0,0.007122257617221425,0.00151528003730043,0.0014865474174847078,0.0014477221685752846,0.0014461792564403476,0.0014458182173939047
115,52,0.2157429272038869,0.14535513923237658,0.27258212826827166,0.21570887666951108,0.3086867238235051,0.05320839666188157,0.21124030136749375,1.5906501399305033,0.027766355598643093,0.26804529139884886,5.163117549990163,0.023793346717665684,0.26885169507761675,6.0968584384978,0.2671586791177329,0.2696594350162898,4.7566649767263005,0.2538203910859136,0.27046849466192224,2.717070964117761,0.0,0.13016817058224167,0.8300192361679103,0.0,0.13102593503560198,0.6049056409430801,0.0,0.13188551281840277,0.5328084248190823,0.0,0.1327468532131212,0.6163777137372982,0.0,0.1336099070940743,0.964660957883342,0.0,0.1344746268753825,1.6347861394734509,0.0,0.13534096646049693,2.388110121154152,0.0,0.13591615033212687,2.2755058281207563,0.0,0.0038187330839594175,0.0007915854502856767,0.0007712749424393537,0.0007498927959390245,0.000748802499283029,0.0007485473762932793
116,53,0.21715956130368916,0.15051086277936984,0.2719954342451687,0.21472131874892453,0.3075372814180699,0.05384456460466576,0.21034704809423765,1.5838953342083826,0.028638711335267242,0.26721676635864666,5.1471089280987785,0.024638955695885548,0.26809874729972616,6.079735583357234,0.2680024545527639,0.2689824346632639,4.7446929538226446,0.25466373745236986,0.26986780501363616,2.7110231274678065,0.0,0.12961042107877793,0.8264474337388709,0.0,0.13054980159509763,0.6026994652117986,0.0,0.13149150809683133,0.531211903202514,0.0,0.13243546824856306,0.6149284739295278,0.0,0.13338161219618513,0.9630098519231464,0.0,0.13432987248102116,1.6330244875552355,0.0,0.1352801839564421,2.3870371235511243,0.0,0.13591409180435432,2.275471363762561,0.0,0.004569029523890274,0.0009064542390354481,0.0008723557366241481,0.0008456089782198621,0.0008437754350309665,0.0008433463664563153
117,54,0.21632976987402383,0.15573127892477964,0.2714228083901121,0.2138279029207855,0.3065416953849898,0.05447981741171891,0.20954053749039112,1.577799003647616,0.029529250691570454,0.2664662462389319,5.132611749325006,0.025502358544816292,0.2674162998291413,6.0642200737441785,0.2688640249353712,0.2683684721942809,4.733838238376091,0.25552487901906545,0.2693227315848095,2.7055363768210197,0.0,0.12910123212127853,0.8231878373717483,0.0,0.13011477068733002,0.6006843758097491,0.0,0.13113121066861055,0.5297523400551271,0.0,0.13215045329090816,0.6136022294211415,0.0,0.13317240343678186,0.9614970002270393,0.0,0.1341969695124082,1.631407209586871,0.0,0.13522406331815431,2.3860464563303414,0.0,0.13591209654923334,2.275437958745594,0.0,0.004647790290353179,0.0009246191642302819,0.0008905393563032126,0.0008634028489307483,0.000861570382607321,0.0008611415666955715
118,55,0.2149667523439248,0.16295805194424864,0.2706411259323384,0.21265765388118366,0.30527998861475014,0.05532823409696563,0.20847892352729971,1.5697645538102698,0.030753319679130732,0.26548112383750455,5.113566136066324,0.02668849812724237,0.26652089627597214,6.043846721121172,0.27004749765737474,0.26756323904068896,4.719591724142862,0.25670772763179334,0.2686081106702675,2.6983384077235644,0.0,0.12844457088550343,0.8189793641070789,0.0,0.12955395197202785,0.5980841074673643,0.0,0.13066686940418096,0.5278697980417048,0.0,0.13178319310721137,0.6118922111541638,0.0,0.13290279814195033,0.9595465169727367,0.0,0.13402556451014588,1.6293208064631681,0.0,0.13515137696492455,2.384763206248528,0.0,0.13590939824478598,2.275392782882533,0.0,0.006445090561695276,0.0012736001730112678,0.0012240689875602788,0.001186139582426077,0.0011834727220035857,0.0011828486127278869
119,56,0.21376911119825437,0.17114732169167168,0.26979198925369624,0.211502472092159,0.3041640661582374,0.05632130580721883,0.20743119529166149,1.5618357239926597,0.032264112460856996,0.26450701030011076,5.094734143704954,0.028158789640391996,0.26563519531152713,6.023694870145336,0.2715159767932548,0.26676645604587573,4.705495160114545,0.25817578266428637,0.26790073915902757,2.6912136505343907,0.0,0.1277944268844212,0.81481287161155,0.0,0.12899840110182645,0.5955083689813124,0.0,0.13020662743934153,0.5260039342388557,0.0,0.13141893725033635,0.6101962202539746,0.0,0.13263516901649533,0.9576103593376613,0.0,0.1338551680622795,1.6272466954529237,0.0,0.13507878627685466,2.3834816460065626,0.0,0.13590659527596685,2.275345854659449,0.0,0.0073401330687808755,0.0015445240125931236,0.0015107927817262683,0.0014702915131496275,0.001468479135880056,0.0014680550324929994
120,57,0.21172048290347598,0.18246795383697803,0.26864314386725296,0.20981923893767923,0.30260514012312734,0.05769393760247482,0.20589684640462713,1.5501968817923801,0.034498150814477054,0.2630859820698539,5.067215531778546,0.030339857040390435,0.26434389609013964,5.994269592653617,0.27369598443300874,0.2656054465015314,4.684926587957167,0.26035554233281266,0.2668705656819893,2.680825030430338,0.0,0.12686339472082547,0.8088330774207076,0.0,0.1282033322261763,0.5918152499246959,0.0,0.1295483217333191,0.5233310212542128,0.0,0.13089814789125515,0.6077685029517875,0.0,0.13225260508978962,0.9548403029060805,0.0,0.13361149704520683,1.6242790402280516,0.0,0.13497463639697788,2.3816424906382165,0.0,0.13590243041928068,2.275276124564359,0.0,0.010171786758863086,0.002253801545218355,0.0022340383536200515,0.002181067399998438,0.002180007639753937,0.0021797596685262997
121,58,0.2101394192527343,0.18734279882600613,0.26823685926045177,0.20845686009012834,0.3010098732442728,0.058267890245004124,0.20465819637432608,1.5408146461984893,0.03543789309127693,0.26193281505747656,5.044906964619555,0.031255410022104725,0.26329511568345215,5.9703926875129385,0.2746106452420434,0.2646616991230064,4.668220781258966,0.2612699943846104,0.26603247922624945,2.6723795836384774,0.0,0.12610000678307595,0.8039365398969788,0.0,0.12755065338291321,0.588786921315616,0.0,0.12900728109700513,0.521136235453485,0.0,0.13046961396450385,0.605772257119432,0.0,0.13193738959657056,0.9525590658894448,0.0,0.13341035854151884,1.6218301669974053,0.0,0.13488828366973193,2.3801178117054267,0.0,0.13589886163614337,2.2752163744901623,0.0,0.004468560382226908,0.0009563747775344102,0.0009397422767998753,0.0009155529817142877,0.000914660809034691,0.0009144520517977284
122,59,0.2088396701968133,0.1910531960859425,0.26794797725329433,0.20728243213839054,0.2995668913980945,0.058646945699343395,0.2035927430140735,1.53275116555564,0.036044948818807626,0.2609358575182979,5.02563189035162,0.03184137635497997,0.2623876672572492,5.949744524035097,0.2751947554083513,0.2638444788261258,4.653761639306335,0.26185367017316546,0.26530618374684994,2.6650637450725427,0.0,0.12543431923796783,0.7996699998868922,0.0,0.12698085959297817,0.586144892174878,0.0,0.12853442261420345,0.5192190549455897,0.0,0.13009465882437415,0.6040263174812679,0.0,0.1316612373500746,0.9505611253318452,0.0,0.13323384497299734,1.6196815010156458,0.0,0.1348121852145046,2.3787742885777385,0.0,0.13589561817826412,2.275162071278802,0.0,0.003421515252778962,0.0006415457277234235,0.0006070557275307006,0.0005859663328752435,0.0005841101663078496,0.0005836757885550723
123,60,0.22068606259342544,0.18797092720017522,0.2674593649747703,0.21581560383301518,0.30760195808777135,0.05936781346228963,0.20248044031352405,1.5243311756638855,0.037296775886293466,0.2598940292934693,5.005485813255501,0.0330634925180011,0.26143921063241915,5.928159871158366,0.2764162710451875,0.2629901777219435,4.638644292561682,0.26307504529923814,0.26454679623097044,2.6574136197795335,0.0,0.12474012582193479,0.7952197426399734,0.0,0.12638646855534494,0.5833882737279382,0.0,0.12804097846728876,0.517218089264943,0.0,0.12970322017047356,0.6022033924349611,0.0,0.13137278311252426,0.9484739853767015,0.0,0.13304928021983395,1.6174346935474329,0.0,0.13473234659207306,2.377364693427951,0.0,0.13589211748525606,2.2751034612276633,0.0,0.005703254009595249,0.0012630353612641252,0.0012518270674858375,0.001222116163021137,0.0012215156368362208,0.0012213751260726868
124,61,0.2178847141034531,0.1944689655643373,0.2669459359753823,0.2139073669862252,0.3053939846731137,0.06008986408748813,0.20077751617749495,1.5114023358228508,0.038527193854365836,0.25830962000086516,4.974783363085455,0.03426086827992432,0.2599982620814668,5.895305138562181,0.27761215752106766,0.2616935444911915,4.615660843172176,0.2642705832841955,0.2633953029742679,2.645796123837533,0.0,0.12370470652179219,0.7885636832826942,0.0,0.1255009870001751,0.5792721343394269,0.0,0.1273066922991119,0.5142348518402695,0.0,0.12912128672965523,0.5994893372926369,0.0,0.1309442671498733,0.945370098114284,0.0,0.13277516107798443,1.6140954408845611,0.0,0.1346135248789856,2.3752662226705685,0.0,0.13588677229239524,2.275013968581886,0.0,0.005984609364774036,0.0012581500250392042,0.0012304179680723724,0.0011973757619232169,0.0011958864758801469,0.0011955379849573555
125,62,0.21603642996304628,0.19922442951516883,0.2666062289002508,0.21238571374830761,0.30359058532589345,0.06058323442843584,0.19943257124502972,1.5012096531542631,0.039372695063751524,0.25704922692460397,4.950390438112485,0.0350805758918747,0.2588507113813941,5.869169759204727,0.2784301184736473,0.2606598060948144,4.597355812144469,0.2650881355026383,0.26247630938918787,2.636532546218301,0.0,0.12287241436977464,0.7832222454316635,0.0,0.12478809646483012,0.5759628633940523,0.0,0.12671464354706002,0.5118321926544703,0.0,0.12865139419726382,0.597299733638516,0.0,0.130597730221055,0.9428615885877963,0.0,0.13255307393060148,1.6113910912875267,0.0,0.13451688554604094,2.3735597889957694,0.0,0.13588231452599975,2.274939334286365,0.0,0.0044157568757000965,0.0008779889042405636,0.0008455012093856862,0.0008197076119503816,0.0008179609525796445,0.0008175522184428174
126,63,0.21459535744997518,0.20278039106773577,0.26637152384769575,0.211131063525558,0.3020709394151106,0.06093478321761443,0.19833503629696278,1.4929023460365973,0.03997843261903724,0.2560122933001564,4.930339735729205,0.035666228799684487,0.2579054442848463,5.847658258845308,0.2790141440122567,0.25980727133035003,4.582269992435129,0.26567178021675086,0.2617175288839762,2.628888619936568,0.0,0.12218022898645281,0.7787850709830839,0.0,0.12419418869832173,0.5732085572435364,0.0,0.12622060979240105,0.5098288559544789,0.0,0.12825868231155957,0.5954708772952235,0.0,0.13030765296982186,0.9407626888556816,0.0,0.13236682131919286,1.6091237119264317,0.0,0.13443553610177317,2.372123503803847,0.0,0.13587847342742057,2.274875024863215,0.0,0.003321256500011819,0.0006359955076061368,0.0006057375552857209,0.0005856529078097853,0.0005840255386094367,0.0005836447141125028
127,64,0.22068606259342544,0.20393192157998216,0.2660753938898694,0.21366538382357445,0.304499007216383,0.06143685835977425,0.1974966537282251,1.4865649054768857,0.04089883278519497,0.255210023453718,4.9148408816907,0.0365641634099572,0.25717270018617105,5.830996937184274,0.27991149180909275,0.25914520010352016,4.570563084051932,0.26656899071072465,0.2611272282244721,2.62294579008821,0.0,0.12163532025014112,0.7752962259007911,0.0,0.12372544765160108,0.5710369233217245,0.0,0.12582976915481514,0.5082452733375882,0.0,0.12794730577343863,0.5940217208694341,0.0,0.13007715116475474,0.9390956205352325,0.0,0.13221846643183596,1.6073182049237527,0.0,0.13437047518840073,2.370974944035986,0.0,0.13587533312436706,2.2748224487493416,0.0,0.004255085066580028,0.0009313494196425936,0.0009204001661577191,0.0008979346102727078,0.0008973477968360473,0.0008972104939738416
128,65,0.21717194245094815,0.21640330080818945,0.2651298164984477,0.21134085635626412,0.3024138732502718,0.06273881166335447,0.19542840854867344,1.470832388783554,0.04344526994902982,0.25328040153060694,4.877397065838383,0.03905090446920568,0.2554169442178814,5.790914210077466,0.28239718455901475,0.25756452083222287,4.54251343535896,0.2690544381685573,0.25972278273528804,2.608762265853379,0.0,0.12038137712653352,0.7672204138903889,0.0,0.12265202343423753,0.5660393305764979,0.0,0.12493870723147632,0.5046204718583396,0.0,0.12724026377360742,0.5907208922401098,0.0,0.12955561893845494,0.9353152470269342,0.0,0.13188378249420987,1.6032392835001457,0.0,0.13422384170441637,2.3683847610098647,0.0,0.1358681322550822,2.2747018855324352,0.0,0.011525801836785624,0.0025659886284744794,0.002546437163834856,0.0024867410592484805,0.0024856927499219577,0.0024854474578325935
129,66,0.21195608585106362,0.22700312524054486,0.26445331064657857,0.20827681322411404,0.29909631758751803,0.06378704350081636,0.19268158133337845,1.4498645183379726,0.045601023392250604,0.25072463590971333,4.827679240164459,0.04115444464709738,0.2530924228038213,5.737727694498753,0.28449944489179835,0.25547262509523627,4.505317808285064,0.2711563990272034,0.2578648267283254,2.5899657297609,0.0,0.11873317554345086,0.7565701984391504,0.0,0.12124179291467303,0.5594554132649597,0.0,0.12376857380659352,0.4998496866513913,0.0,0.12631211955314667,0.5863802621883166,0.0,0.12887114713908698,0.9303475182193536,0.0,0.131444480023341,1.5978810746311949,0.0,0.1340310394667746,2.3649778644929387,0.0,0.13585849529053268,2.27454053219649,0.0,0.009923318580486267,0.002179607080916758,0.0021557534432207898,0.002103540177891709,0.0021022603327836087,0.0021019608586461077
130,67,0.20914717425868265,0.23358087953821774,0.26412709592672146,0.20626391391483367,0.29686000925917017,0.06439067726952973,0.19090807508499616,1.4363955030465274,0.046851444994629135,0.2490520426387159,4.795257326551219,0.04236954666183523,0.25156815315822323,5.702962387166981,0.28571262570200195,0.2540983100284576,4.48095036505469,0.2723691302606257,0.2566420074915446,2.5776253496808423,0.0,0.11763990116559446,0.7495390907553813,0.0,0.12030365803036708,0.555092747590528,0.0,0.12298812194334104,0.496677765549344,0.0,0.1256915826610719,0.5834853142708136,0.0,0.12841248331442698,0.9270245021078702,0.0,0.13114940689471097,1.594286001050354,0.0,0.1339010636562996,2.362682214956637,0.0,0.13585188294292463,2.2744298230011397,0.0,0.006251539577815783,0.0012861625731118704,0.0012504216023785314,0.0012151020147378533,0.0012131808102035777,0.0012127312334223091
131,68,0.20449597280686158,0.25076743254592393,0.2630507791965343,0.20251746167676626,0.2934881715680078,0.06589704580463879,0.18753948278317703,1.4105949048891553,0.05045968992194087,0.24591450233455953,4.734076253503373,0.0458954235352249,0.2487140869408811,5.6375192412310815,0.28923753672385005,0.25152952249046895,4.435187906071234,0.27589381528286605,0.2543601975689993,2.5545020341789724,0.0,0.11562475000060779,0.736475844591123,0.0,0.11857882076746973,0.5470184165319847,0.0,0.12155644460466238,0.49082795393404716,0.0,0.12455554103871697,0.5781634827608172,0.0,0.12757423060425502,0.9209332970297984,0.0,0.13061081551124568,1.5877117468464887,0.0,0.13366376181493356,2.358487593822538,0.0,0.13583963647633684,2.2742247743897313,0.0,0.016110236277519042,0.003626263936359461,0.003608244927311734,0.0035258768733896616,0.003524911021848134,0.0035246850222403793
132,69,0.20379978695199905,0.2575661958882537,0.2628277169981058,0.20137520460704394,0.29269176700340566,0.06651662186954757,0.18657759292030954,1.4033226653967907,0.05194211899727477,0.24496842372965075,4.715793047083312,0.04734445247484885,0.24784691779521836,5.617794635464086,0.29068627201711356,0.25074343503855556,4.421283472005774,0.27734248187104443,0.25365722011506237,2.5474225694775563,0.0,0.11498787804657833,0.7323967988846682,0.0,0.11802774729304522,0.5444643786359293,0.0,0.1210946541882096,0.48895619793644884,0.0,0.12418601161858493,0.5764430924065291,0.0,0.12729950737956625,0.9189458442085638,0.0,0.13043307429784584,1.585548171281527,0.0,0.13358486321722107,2.3570946114187437,0.0,0.13583549125372626,2.274155373028796,0.0,0.006575701143901332,0.0014879193500114238,0.0014824290753339018,0.0014490289396239557,0.0014487352932634652,0.0014486665881783564
133,70,0.20461746925117527,0.26602160959203386,0.2625605493902925,0.19959870452984244,0.29117576277650514,0.06723197438340352,0.18503255069707655,1.39160476623424,0.05372826072897422,0.24348541512218838,4.6870703341589,0.04908767810490335,0.2464921559061121,5.586918301712307,0.2924285181034249,0.24951920184656148,4.399591025341999,0.2790844987574391,0.25256564350412447,2.536412731177948,0.0,0.11401310642059813,0.7261350659933826,0.0,0.11718807238989785,0.5405631874560178,0.0,0.12039377043361375,0.48610969304995577,0.0,0.12362706364040653,0.5738368531936273,0.0,0.12688517131874877,0.9159450806265256,0.0,0.1301656276174461,1.5822904019088828,0.0,0.13346624438159055,2.3549997310272786,0.0,0.1358291865622132,2.2740498150964945,0.0,0.008188246095966807,0.0018044100177045403,0.0017861417316994547,0.0017432256300544964,0.0017422460863113938,0.0017420168863946787
134,71,0.20361558939001884,0.27068517362588673,0.2624720805029841,0.19852817073899215,0.29021097064264423,0.06762289446017433,0.18414105461229746,1.3848674842996391,0.05471150494049102,0.2425949317810637,4.669865695873155,0.05004662234777238,0.24567430224965142,5.568319361898247,0.29338676511513445,0.24877644808438054,4.386455486140868,0.280042582629131,0.2519002860670572,2.5297131712032046,0.0,0.11341114247232967,0.7222808844573118,0.0,0.11666554575814383,0.5381420899524141,0.0,0.11995472605190585,0.484330490707107,0.0,0.12327491905358703,0.5721976426946788,0.0,0.12662281304226936,0.91404727274397,0.0,0.12999549347334907,1.5802195484042811,0.0,0.13339039347753973,2.3536605876753405,0.0,0.13582509602643295,2.2739813293570625,0.0,0.004575095146544446,0.0009962501677233686,0.0009832442115167948,0.0009589442428690297,0.0009582470117095377,0.0009580838716918936
135,72,0.20164107097782227,0.2745865338233526,0.2624149440441306,0.1968234519328274,0.28816849845917814,0.06791592211512437,0.18266634101382706,1.3736870834669452,0.0554473023854268,0.24116743506621377,4.6422242444565525,0.050759963477149825,0.24436876298180274,5.538570635038989,0.29409858409487805,0.24759544750348406,4.365532619709183,0.28075404541702176,0.2508462211222728,2.5190832244485946,0.0,0.11247121485754412,0.7162447466793652,0.0,0.11585432249463158,0.5343739665622425,0.0,0.11927647223913117,0.4815763934757055,0.0,0.12273322535219287,0.5696721989274278,0.0,0.12622070026530405,0.9111353091251017,0.0,0.12973550218077476,1.5770527720320868,0.0,0.13327466016616407,2.351616711267579,0.0,0.13581879563514584,2.273875843425697,0.0,0.003844223738612371,0.0007641182331953314,0.0007357974449357765,0.0007133411293774474,0.0007118189797436198,0.0007114627878907202
136,73,0.19984158175260386,0.2780927405421747,0.2623744575280004,0.1951090596673754,0.2860951818374332,0.06819391803982973,0.1811854409191531,1.3624593969506409,0.05616998918371983,0.2397284806707592,4.6143595995776625,0.05146375207111294,0.24305210277603156,5.508567127689257,0.2948016173216758,0.24640385889149827,4.344421266265693,0.28145690189828504,0.24978227590274074,2.5083532135037867,0.0,0.1115240824592863,0.7101619474336539,0.0,0.11503615639428647,0.5305733644033034,0.0,0.11859191390992833,0.4787965485399737,0.0,0.12218615480600843,0.5671215754013164,0.0,0.12581435816355185,0.9081926192612848,0.0,0.12947259399567856,1.5738503948393527,0.0,0.13315744427470486,2.3495466291127056,0.0,0.13581234631577976,2.273767863909027,0.0,0.003465720202691919,0.0007367700513222319,0.0007226867982930218,0.0007037885939631142,0.0007030332267977709,0.0007028564812633179
137,74,0.22068606259342544,0.2814967646952262,0.26230251246780284,0.19537192879545198,0.2871143998704678,0.06860513212181121,0.18024866215658691,1.355378495419104,0.05725940496057107,0.23878139030632273,4.596057438302872,0.05252379391735274,0.24218099130421009,5.48875312002339,0.2958603129131094,0.24561171190490083,4.330409637146334,0.2825152824706444,0.2490718501217507,2.5011986563355193,0.0,0.11088665067845636,0.7060795823152147,0.0,0.11448127954430438,0.5280017397822616,0.0,0.11812463907087234,0.4769025357250406,0.0,0.1218106711405767,0.5653734125689208,0.0,0.12553413901002267,0.9061653383238616,0.0,0.1292905175713933,1.5716339828577541,0.0,0.13307589519899574,2.3481068239875698,0.0,0.1358078060418247,2.2736918481827355,0.0,0.005310484762719397,0.001114489211022966,0.0010894157768512435,0.001060041846239795,0.0010586955914335732,0.0010583805723593186
138,75,0.22068606259342544,0.11445056418638587,0.26166034265741633,0.22068606259342544,0.3121574638367881,0.06991916901222989,0.22068606259342544,1.0092130102343446,0.06125755640591284,0.2767238482973498,4.558499375005171,0.056433699325569596,0.2663114181281647,5.947437468775425,0.29976985570975717,0.24415418323789503,4.304558365206959,0.28642474042526006,0.24777135368060446,2.488070423782222,0.0,0.10973594839486649,0.698675560208961,0.0,0.11348808755311963,0.5233809279368078,0.0,0.11729428290237714,0.473526420943386,0.0,0.12114755428942246,0.5622787678666978,0.0,0.12504189709126487,0.9025981134558416,0.0,0.12897214962958053,1.5677544020502507,0.0,0.1329338741850087,2.3455982044642383,0.0,0.135799919105374,2.273559797565671,0.0,0.01755054593589674,0.004004943817636153,0.003998151445341767,0.003909905408216854,0.0039095427966477905,0.003909457954615649
139,76,0.22068606259342544,0.11437534932624971,0.259731090555179,0.22068606259342544,0.2902646417322626,0.07120664291519382,0.22068606259342544,0.9236456938932682,0.06490116748006003,0.2767238482973498,4.263366944629945,0.0599957507330498,0.2767238482973498,6.047169570790662,0.30333131008211056,0.252707017174265,4.503314208739199,0.2899860551028769,0.24625980849799026,2.472798622484189,0.0,0.10840338365449825,0.6900869868166501,0.0,0.11233869407081827,0.5180259553487148,0.0,0.11633394839241705,0.46961746943186433,0.0,0.12038110206900918,0.5586988055410861,0.0,0.12447327209538504,0.8984748198370182,0.0,0.12860457550217166,1.5632734887229072,0.0,0.13276998420305414,2.3427028207695746,0.0,0.13579082068455417,2.2734074617620204,0.0,0.016107303605995698,0.0036547687766260027,0.0036436110741471916,0.0035620514074802046,0.0035614543723534032,0.003561314677616821
140,77,0.22068606259342544,0.12371085498160339,0.25827739266980526,0.22068606259342544,0.28530348111385195,0.07210045487148974,0.22068606259342544,0.8990800535775522,0.06797910230864163,0.2767238482973498,4.178629684473223,0.06300499774451827,0.2767238482973498,6.0045682490852155,0.30634010183671967,0.25772463187831063,4.615838033292716,0.29299474033830214,0.24563491978388322,2.4665078884435676,0.0,0.10784642591088668,0.6865231293422198,0.0,0.11184942110828372,0.5157599079134054,0.0,0.1159189658697132,0.4679362687697598,0.0,0.12004576097851591,0.5571381118091269,0.0,0.12422189991784234,0.8966566897643088,0.0,0.128440669086609,1.5612785555299953,0.0,0.1326963685156828,2.341403164415849,0.0,0.13578671520550786,2.2733387258279945,0.0,0.013585829926995682,0.0030864488011035952,0.003077934828581605,0.0030092470114684695,0.003008791754609053,0.0030086852354252475
141,78,0.21959538175943494,0.150298081625921,0.2555439389217114,0.21909984205406222,0.28742077053592996,0.0733736092156079,0.2192237949069748,0.8930830051712119,0.07342873179435522,0.2753855334638118,4.15832243731956,0.06833501469613298,0.2755094863167244,5.97810193937936,0.3116697813101751,0.2566714149645757,4.596897557632831,0.29832434084876863,0.24472930877265647,2.457380674730366,0.0,0.10704595784561514,0.6813894479574328,0.0,0.11115188359462688,0.5125232386625104,0.0,0.11533125891661172,0.4655517513254198,0.0,0.11957345938530044,0.5549374795015793,0.0,0.1238694973713656,0.8941057461704957,0.0,0.1282117831515758,1.5584913335349053,0.0,0.13259390982041416,2.339593902484823,0.0,0.13578101310449242,2.2732432573470884,0.0,0.023853772896223754,0.005455959822492306,0.005449629485713585,0.0053300169516147175,0.0053296794734554315,0.00532960051046647
142,79,0.22068606259342544,0.15962658333175814,0.2548100457210567,0.21997688607273239,0.28838967170721114,0.07397058296358469,0.2167968073561301,0.8830851580541141,0.07582576578704539,0.27316274521210265,4.1244852086985215,0.07067203338009617,0.2734923373477719,5.9340103122418215,0.31400491811112546,0.2548977967002386,4.564911633968327,0.30065903727932924,0.24318536721433714,2.441779192651952,0.0,0.10569083204015381,0.6726529435069297,0.0,0.10998040103327332,0.5070639747323858,0.0,0.11435078323261748,0.46155998005012433,0.0,0.11878990844072758,0.5512770525179244,0.0,0.1232876137408663,0.8898858129440688,0.0,0.12783536143943033,1.5539022279108634,0.0,0.13242598388170007,2.336627124434411,0.0,0.13577168771841033,2.2730871211791617,0.0,0.011223506357982823,0.0024320601256264526,0.0023970339926901703,0.0023370186839631875,0.002335136800950395,0.002334696430560649
143,80,0.21786512579651177,0.16845981757480363,0.2543766687336528,0.21745542556988698,0.2863349132321849,0.0743895319438077,0.21448291186343516,0.8735582136969419,0.0774807815338473,0.2710407268689699,4.092193997816885,0.0722789454092759,0.27156621644813206,5.89192252448023,0.3156089689301359,0.2532067230957851,4.534424285621158,0.30226241850420504,0.2417149367653656,2.4269250569390817,0.0,0.10440305751067974,0.6643560090255295,0.0,0.10886470951449016,0.5018673689763754,0.0,0.1134154229238591,0.45775340000730214,0.0,0.11804143188011172,0.5477815175549621,0.0,0.12273121137992449,0.8858515126082074,0.0,0.12747513843242061,1.5495111651513287,0.0,0.13226518504545243,2.333786415277087,0.0,0.1357627548338439,2.272937557148233,0.0,0.008399857255641623,0.001708154743994698,0.00165501574680191,0.0016069120291797372,0.0016040508190104195,0.0016033812248757912
144,81,0.21579554085186364,0.18117960772981365,0.25374342033677494,0.21542632610672072,0.2857232724036068,0.0749876997066178,0.21262281334838426,0.865916021824305,0.08014194093774883,0.26933118797773514,4.066219416698846,0.07487727715368188,0.27001395365059466,5.858050896673327,0.31820610157329593,0.25185213119260697,4.5100357906984,0.3048592705675633,0.2405430666044447,2.4151016396310494,0.0,0.10337894948189275,0.6577746660516863,0.0,0.10797219318602243,0.4977188488035487,0.0,0.11266366721220067,0.45469901041124533,0.0,0.1174376430631483,0.5449651773610339,0.0,0.12228103572787988,0.8825902646155869,0.0,0.12718299297455463,1.5459518634064628,0.0,0.13213452337970072,2.331478642768213,0.0,0.1357554876199904,2.2728158830738145,0.0,0.012086541758132131,0.002683514016662012,0.002661159403901531,0.002598331744405964,0.002597132643160028,0.0025968520633582676
145,82,0.21056761006290545,0.1975716397136871,0.25296417084351486,0.2118344438063799,0.28364087390431625,0.07566513609401747,0.2093219431770838,0.8522610923701439,0.08354631915834065,0.2663005354562834,4.019943512270492,0.07819970692690359,0.2672625795469147,5.797744326398992,0.3215266282359742,0.24942144829284837,4.46608421015558,0.30817935188096895,0.23841767571748287,2.393572048754403,0.0,0.10152653609116866,0.6457731672673779,0.0,0.10637179999293121,0.4902305308682376,0.0,0.11132524214182218,0.44923232070725705,0.0,0.11636894578165323,0.5399603816258556,0.0,0.12148809711109337,0.876829701068579,0.0,0.12667049162585886,1.539697033217955,0.0,0.13190608655291164,2.3274409550708612,0.0,0.13574280925698487,2.2726036023278358,0.0,0.015612782490613401,0.0034397852601654676,0.0034043782205918313,0.003322429773221713,0.0033205266626782862,0.0033200813134056533
146,83,0.2147451572008405,0.2073266040916801,0.2527215286228181,0.20916056133604916,0.28158535901890036,0.07605437978338725,0.20686709645040535,0.8421474958205746,0.08545193060694567,0.26403934117724326,3.9855173042990497,0.08005154882152667,0.2652087121596381,5.752844602348482,0.32337555457822903,0.24761829009526706,4.433562152307866,0.3100275959100297,0.23684897754015719,2.377718942065175,0.0,0.10016524126195907,0.6369967927249922,0.0,0.10518735689876002,0.48471037916980086,0.0,0.11032923192655682,0.44517682269790226,0.0,0.1155702464703967,0.5362287465547055,0.0,0.12089349166326735,0.8725170808447936,0.0,0.12628515487062844,1.5349989207642312,0.0,0.13173396582140026,2.324399971394112,0.0,0.13573324422209784,2.272443453405844,0.0,0.009512322157296235,0.001959758279862208,0.0019056114486050307,0.0018518418946230802,0.0018489263422548695,0.0018482440290607106
147,84,0.20922760119283232,0.23059821596989163,0.25172283084043484,0.2052432046485056,0.2803319276527936,0.07679014364268147,0.20326568319423896,0.8272265258494785,0.0902445976302755,0.2607247696449714,3.9348497662043953,0.08472548550876617,0.2621984753164387,5.6867975944309475,0.3280460198040968,0.2449572843915349,4.385399738177388,0.3146972485215741,0.23452029501564778,2.3541092474406105,0.0,0.09814619480869974,0.6238926054705011,0.0,0.10343959315016202,0.4765204858853952,0.0,0.10886565150007535,0.43919190390077906,0.0,0.11440062766318018,0.5307464057690667,0.0,0.12002521819918562,0.8662052120590326,0.0,0.12572379372207756,1.5281450967451327,0.0,0.1314837139147898,2.3199759594214684,0.0,0.1357193544176611,2.272210886759054,0.0,0.02227291409582828,0.004856787112311822,0.004792667023329814,0.004673936687239501,0.004670465225867744,0.004669652611544417
148,85,0.2029500197075794,0.24941110094095076,0.25133858121407804,0.2013171940437606,0.2783915227152103,0.07737636461461037,0.19965579832183758,0.8122698226291716,0.09432800376386542,0.25739585205897536,3.8839600938177212,0.08871361550404908,0.2591743308388858,5.620441881330446,0.33203257371561673,0.24228520925990102,4.337034765266114,0.31868343361413815,0.232182351373097,2.330404712120096,0.0,0.09612700203909552,0.610787448633682,0.0,0.1016877772252498,0.46831127728137756,0.0,0.10739638892297398,0.4331834315951588,0.0,0.11322520077494376,0.5252365582094601,0.0,0.11915198501707742,0.8598570246278572,0.0,0.12515893950044515,1.5212484322910504,0.0,0.13123181843192921,2.3155228361507083,0.0,0.13570537085905054,2.2719767501592325,0.0,0.018428635344702324,0.004112741629256437,0.00408340613358994,0.0039881299952828995,0.003986553911519952,0.0039861850925640655
149,86,0.19806449193772926,0.25814988748319156,0.25143390549089134,0.19803299564146826,0.27529893554689633,0.07765262417641669,0.19663689337446108,0.7997992971643997,0.09607356348887658,0.2546002688753169,3.8413131100881213,0.09040868214966494,0.2566331318193006,5.56478787712132,0.33372467927985583,0.24004826235424115,4.296619073843259,0.3203748462066999,0.23023061816288487,2.3106491804441927,0.0,0.0944535612087868,0.5999660815819481,0.0,0.1002263704058697,0.46148280198650116,0.0,0.10616483366597756,0.4281583275752791,0.0,0.11223648933450463,0.5206096548100598,0.0,0.11841555895618243,0.8545095759719428,0.0,0.124681656029305,1.5154250677693302,0.0,0.13101866348170654,2.31175569991406,0.0,0.1356935278750931,2.2717784578410565,0.0,0.008834110819054077,0.0018005444008639647,0.0017455597250111607,0.0016950666456158616,0.001692105564239133,0.001691412592561799
150,87,0.190887969385295,0.26763370410028037,0.2518858485745025,0.19407793700078196,0.2715053266334013,0.07796386994709721,0.1929988066657535,0.7847256848833084,0.09816154684453726,0.25123087599339605,3.789795186587746,0.09244567536591966,0.2535703539985604,5.497572965683892,0.3357596818335842,0.23734423561266688,4.247668346878942,0.32240938293173815,0.22786533220547756,2.2866641977085522,0.0,0.0924280952646064,0.5868184465211082,0.0,0.0984605856633464,0.45320660410290464,0.0,0.10467901664911917,0.42208103577998657,0.0,0.11104521718415047,0.5150246526036862,0.0,0.11752926454545055,0.8480656739869361,0.0,0.12410780158300781,1.5084179868116674,0.0,0.1307625939915395,2.307228639954496,0.0,0.13567930806743214,2.2715403651415955,0.0,0.009935759700699964,0.0021278749431463202,0.002090833167346505,0.0020369932162547203,0.002035002553728362,0.002034536725038205
151,88,0.18646171567533798,0.2759544127721299,0.25259109715776934,0.1909389626615163,0.2685940988920951,0.07824828258214259,0.19011189979130697,0.7729170786425515,0.09983355384673699,0.248539269711182,3.7487528332229116,0.09417368732786842,0.2511213710553498,5.4439595979110305,0.3374846264833652,0.23519295224686848,4.2088154043448585,0.32413360974267286,0.22599048839739672,2.267693761197546,0.0,0.090841823336591,0.5765714744286502,0.0,0.09706366914277356,0.4466841658096147,0.0,0.10349521860859191,0.41725319242821085,0.0,0.11009128746517595,0.5105620167908514,0.0,0.11681695954191652,0.8428944948595629,0.0,0.12364537052610441,1.502776535611955,0.0,0.13055583693403391,2.303574756560293,0.0,0.13566781365723657,2.2713479096429117,0.0,0.009025957255116368,0.0018366440086134532,0.0017796983563396114,0.0017280119619487665,0.0017249446497810223,0.0017242268109346956
152,89,0.18161345155035724,0.28731703650182894,0.25389140898330403,0.18781999904905172,0.26645757509984536,0.0786644031431103,0.18724230736560737,0.7614235391795015,0.1021809458944493,0.24585485471959462,3.7078213319241615,0.09680505477269019,0.24867785068824277,5.390466992444209,0.3401138072200724,0.23304786021982804,4.170075308818433,0.3267622787618333,0.22412151898205815,2.248783259866473,0.0,0.08927092443934113,0.5664255562693604,0.0,0.09567489548090305,0.44020029978046576,0.0,0.10231536853833739,0.4124416356168225,0.0,0.10913900739844626,0.5061071656518428,0.0,0.1161051519620187,0.8377269490585681,0.0,0.1231829575349677,1.4971353056338135,0.0,0.13034900146737274,2.2999194852931684,0.0,0.13565631249431778,2.2711553410711014,0.0,0.012662935555233778,0.0027399057092390468,0.002699236385854855,0.0026313674448217605,0.0026291807367072105,0.002628669019160393
153,90,0.17414726158775426,0.29402446607203503,0.2551581269254477,0.18393968050663895,0.26225851620099166,0.07895434607593756,0.18366949843122818,0.7469199686623654,0.10355632495295526,0.24251727458951383,3.656793417214721,0.09844528929921947,0.24564050957517616,5.3238139512048175,0.3417525029565217,0.23037087694011393,4.121617699831003,0.32840061442453494,0.22178149239186434,2.225056245646673,0.0,0.08730066095549564,0.5536420609599342,0.0,0.09394006244720486,0.43207092450000767,0.0,0.10084612660258857,0.40643271323663943,0.0,0.10795608305921252,0.500561517203466,0.0,0.11522268667399489,0.8313109820756255,0.0,0.1226105886232867,1.4901464010445236,0.0,0.1300933113724931,2.2953991404329597,0.0,0.13564210586461783,2.2709174690422356,0.0,0.007974147512349757,0.0017119673509523275,0.0016833088006019655,0.0016402345265292832,0.0016386957364492808,0.0016383356627016291
