DAE,DOY,Water (m/m) L1,NO3-N (kg/ha) L1,NH4-N (kg/ha) L1,Water (m/m) L2,NO3-N (kg/ha) L2,NH4-N (kg/ha) L2,Water (m/m) L3,NO3-N (kg/ha) L3,NH4-N (kg/ha) L3,Water (m/m) L4,NO3-N (kg/ha) L4,NH4-N (kg/ha) L4,Water (m/m) L5,NO3-N (kg/ha) L5,NH4-N (kg/ha) L5,Water (m/m) L6,NO3-N (kg/ha) L6,NH4-N (kg/ha) L6,Water (m/m) L7,NO3-N (kg/ha) L7,NH4-N (kg/ha) L7,Water (m/m) L8,NO3-N (kg/ha) L8,NH4-N (kg/ha) L8,Water (m/m) L9,NO3-N (kg/ha) L9,NH4-N (kg/ha) L9,Water (m/m) L10,NO3-N (kg/ha) L10,NH4-N (kg/ha) L10,Water (m/m) L11,NO3-N (kg/ha) L11,NH4-N (kg/ha) L11,Water (m/m) L12,NO3-N (kg/ha) L12,NH4-N (kg/ha) L12,Water (m/m) L13,NO3-N (kg/ha) L13,NH4-N (kg/ha) L13,Water (m/m) L14,NO3-N (kg/ha) L14,NH4-N (kg/ha) L14,Water (m/m) L15,NO3-N (kg/ha) L15,NH4-N (kg/ha) L15,Mineralized-N (kg/ha) L1,SOC(kg/ha) L1,Mineralized-N (kg/ha) L2,SOC(kg/ha) L2,Mineralized-N (kg/ha) L3,SOC(kg/ha) L3,Mineralized-N (kg/ha) L4,SOC(kg/ha) L4,Mineralized-N (kg/ha) L5,SOC(kg/ha) L5,Mineralized-N (kg/ha) L6,SOC(kg/ha) L6
1,145,0.06259540420433111,5.0,0.11480646786634141,0.19934724535553539,92.69547519040488,0.556395413227554,0.19973890559596122,10.295685976041861,2.9309926297339186,0.19999495608768578,10.263429629740621,2.460306717399177,0.2,15.141161172178546,2.5828530063100827,0.2,15.14115713558811,2.5828515406347723,0.2,10.0,0.0,0.2,10.0,0.0,0.21431242743356874,5.0,0.0,0.21431242743356874,5.0,0.0,0.18926001177553547,0.0,0.0,0.18926001177553547,0.0,0.0,0.18926001177553547,0.0,0.0,0.18926001177553547,0.0,0.0,0.18926001177553547,0.0,0.0,0.002020877866535577,8271.089424364007,0.03237063006342746,8258.50676992235,0.032324902560265135,8258.534526226345,0.009757042895424397,4087.264971398069,0.009756285453650588,4087.265441252673,0.009756108226972263,4087.2655512979873
2,146,0.059878790622031185,5.0,0.12224557084772036,0.1984225694698265,92.26350179719708,0.340921966065219,0.19935769548708557,10.431966482745004,2.8108740194931254,0.1999847710377736,10.3717806611075,2.363273633327654,0.2,15.205440285337016,2.5305016797677085,0.2,15.20543503723118,2.5305012087265726,0.2,10.0,0.0,0.2,10.0,0.0,0.21431242743356874,5.0,0.0,0.21431242743356874,5.0,0.0,0.18926001177553547,0.0,0.0,0.18926001177553547,0.0,0.0,0.18926001177553547,0.0,0.0,0.18926001177553547,0.0,0.0,0.18926001177553547,0.0,0.0,0.007439102981378969,8270.94064230438,0.03957437260167339,8257.715282470315,0.03951850796339679,8257.744156067078,0.011928713471690153,4087.0263971286354,0.011927786616095412,4087.0268855203512,0.011927569734870675,4087.02699990329
3,147,0.057624063263454366,5.0,0.12846081993819086,0.19738324254878756,91.7776857775142,0.1677009192098582,0.19891444422655075,10.568102035431256,2.6924338504817165,0.19996876295359511,10.480868230996395,2.266601478177295,0.2,15.270897336734219,2.478395352287139,0.2,15.270890540441869,2.4783960957016538,0.2,10.0,0.0,0.2,10.0,0.0,0.21431242743356874,5.0,0.0,0.21431242743356874,5.0,0.0,0.18926001177553547,0.0,0.0,0.18926001177553547,0.0,0.0,0.18926001177553547,0.0,0.0,0.18926001177553547,0.0,0.0,0.18926001177553547,0.0,0.0,0.006215249090470476,8270.816337322569,0.04432369816612524,8256.828808506993,0.044238157108558614,8256.859392924907,0.013352149830006517,4086.7593541320352,0.013350723916633514,4086.759871042019,0.013350390185768212,4086.7599920995744
4,148,0.056199075271752316,5.0,0.13390259708511332,0.19650053168923665,91.2939526553945,0.052604396250600524,0.1985226757858392,10.718566019608721,2.5698590633581646,0.19995004255923862,10.596137172038825,2.1660687189789636,0.2,15.340910330326738,2.4242631668558303,0.2,15.340903539403326,2.4242638614867618,0.2,10.0,0.0,0.2,10.0,0.0,0.21431242743356874,5.0,0.0,0.21431242743356874,5.0,0.0,0.18926001177553547,0.0,0.0,0.18926001177553547,0.0,0.0,0.18926001177553547,0.0,0.0,0.18926001177553547,0.0,0.0,0.18926001177553547,0.0,0.0,0.005441777146922475,8270.70750177963,0.052604396250600524,8255.776720581982,0.05259332237578962,8255.80752647739,0.015880993662743603,4086.44173425878,0.015880808161210368,4086.4422548787943,0.015880764746567085,4086.442376804643
5,149,0.054101203637968664,5.0,0.13820577918191385,0.1948918527699508,90.41742084103095,0.06014307734817926,0.19778420989677886,10.853769829700427,2.4518257245118997,0.19990216471009598,10.70991029545243,2.067757850048957,0.2,15.411947265120654,2.3713972800980425,0.2,15.411940989097555,2.371397543359536,0.2,10.0,0.0,0.2,10.0,0.0,0.21431242743356874,5.0,0.0,0.21431242743356874,5.0,0.0,0.18926001177553547,0.0,0.0,0.18926001177553547,0.0,0.0,0.18926001177553547,0.0,0.0,0.18926001177553547,0.0,0.0,0.18926001177553547,0.0,0.0,0.0043031820968005155,8270.621438137696,0.06014307734817926,8254.573859035017,0.06016531927153953,8254.604220091962,0.018170690619424855,4086.078320446392,0.018171048036127957,4086.0788339180713,0.01817113156700293,4086.078954173303
6,150,0.05292754848976995,5.0,0.1418719764714428,0.19362635879362564,89.67920314469318,0.05791481896380132,0.19717442758931975,10.970685240087654,2.355485285047959,0.19985058707816425,10.804662555763342,1.9874529791845044,0.2,15.472403784979019,2.328433361866923,0.2,15.472397708664998,2.328433445292144,0.2,10.0,0.0,0.2,10.0,0.0,0.21431242743356874,5.0,0.0,0.21431242743356874,5.0,0.0,0.18926001177553547,0.0,0.0,0.18926001177553547,0.0,0.0,0.18926001177553547,0.0,0.0,0.18926001177553547,0.0,0.0,0.18926001177553547,0.0,0.0,0.0036661972895289606,8270.548114191904,0.05791481896380132,8253.415562655742,0.05792045030492437,8253.445811085863,0.017492516395660924,4085.7284701184785,0.01749260162724444,4085.728981885527,0.017492621500050678,4085.7291017433017
7,151,0.1486876358798903,5.0,0.14513659561556633,0.19260448596612786,88.87677286170674,0.04343528808467647,0.19665481537602186,11.043547291126272,2.289466018302532,0.19979376219308265,10.866487181803635,1.9349328739190554,0.2,15.513163396743874,2.3007730278378276,0.2,15.513156832415886,2.300773409981849,0.2,10.0,0.0,0.2,10.0,0.0,0.21431242743356874,5.0,0.0,0.21431242743356874,5.0,0.0,0.18926001177553547,0.0,0.0,0.18926001177553547,0.0,0.0,0.18926001177553547,0.0,0.0,0.18926001177553547,0.0,0.0,0.18926001177553547,0.0,0.0,0.00326461914412352,8270.482821809022,0.04343528808467647,8252.546856894049,0.043386606829524096,8252.578078949273,0.013100086664411759,4085.4664683851906,0.013099277735759024,4085.466996330812,0.013099088440595692,4085.4671199744903
8,152,0.10324581717145154,5.0,0.1761089272380458,0.19063640508042554,87.53220729106148,0.04061291691812118,0.195621633537752,11.0730445598062,2.232552148126972,0.19964489594356774,10.913496452774451,1.8908453498467124,0.2,15.548243122197144,2.277928168514836,0.2,15.548235793430964,2.277929001288818,0.2,10.0,0.0,0.2,10.0,0.0,0.21431242743356874,5.0,0.0,0.21431242743356874,5.0,0.0,0.18926001177553547,0.0,0.0,0.18926001177553547,0.0,0.0,0.18926001177553547,0.0,0.0,0.18926001177553547,0.0,0.0,0.18926001177553547,0.0,0.0,0.030972331622479473,8269.863375176572,0.04061291691812118,8251.734598555686,0.04053224518480137,8251.767434045576,0.012236207102522606,4085.2217442431397,0.012234866130279833,4085.2222990082064,0.012234552322046564,4085.2224289280493
9,153,0.07378482253912658,5.0,0.19109209444456243,0.1885381586519963,86.15443117923677,0.03530996679810175,0.19446331846888926,11.077967960955485,2.1871538052003,0.19943052799851424,10.945590116012056,1.856049363123122,0.2,15.57648614241914,2.2602736804113497,0.2,15.576476957556022,2.260275604206599,0.2,10.0,0.0,0.2,10.0,0.0,0.21431242743356874,5.0,0.0,0.21431242743356874,5.0,0.0,0.18926001177553547,0.0,0.0,0.18926001177553547,0.0,0.0,0.18926001177553547,0.0,0.0,0.18926001177553547,0.0,0.0,0.18926001177553547,0.0,0.0,0.01498316720651662,8269.563711832441,0.03530996679810175,8251.028399219726,0.03511372621287582,8251.065159521318,0.010591801094146468,4085.009908221257,0.010588532118509303,4085.0105283658368,0.010587767042838404,4085.0106735871927
10,154,0.0994772080041341,5.0,0.20346596053763688,0.18723576953858312,84.98099115697941,0.045002624862948634,0.1936879733114691,11.118248166800019,2.1330955870394277,0.19924923998429722,10.987107727012887,1.8151942399734484,0.2,15.610314819503628,2.240029236143668,0.2,15.610305737831837,2.2400309691176177,0.2,10.0,0.0,0.2,10.0,0.0,0.21431242743356874,5.0,0.0,0.21431242743356874,5.0,0.0,0.18926001177553547,0.0,0.0,0.18926001177553547,0.0,0.0,0.18926001177553547,0.0,0.0,0.18926001177553547,0.0,0.0,0.18926001177553547,0.0,0.0,0.012373866093074417,8269.316234510581,0.045002624862948634,8250.128346722466,0.044980095222869554,8250.165557616861,0.013584607321402861,4084.7382160748293,0.013584232816807065,4084.7388437095005,0.013584145186833266,4084.7389906834564
11,155,0.2600532064770431,0.3959758631930182,0.22204392657738006,0.2600532064770431,11.585629082130534,0.0377278317616761,0.2600532064770431,43.0506377416944,2.0869055221111275,0.30142281988300007,48.31879999922036,1.782540675159547,0.30142281988300007,20.671574091340432,2.225115917568331,0.22790000000000005,17.817890825117072,2.225117768277053,0.2,10.0,0.0,0.2,10.0,0.0,0.21431242743356874,5.0,0.0,0.21431242743356874,5.0,0.0,0.18926001177553547,0.0,0.0,0.18926001177553547,0.0,0.0,0.18926001177553547,0.0,0.0,0.18926001177553547,0.0,0.0,0.18926001177553547,0.0,0.0,0.018577966039743186,8268.944675189787,0.0377278317616761,8249.373790087233,0.037653454434383754,8249.412488528174,0.011368369753928449,4084.5108486797503,0.011367134842582368,4084.511501012649,0.011366845872114523,4084.5116537660138
12,156,0.21433262979340337,0.4187014365341302,0.24074350433400435,0.2572445300302613,11.4170930809036,0.040812815931726254,0.2583291664817724,42.76332592824561,1.3195352842111432,0.30078092884230057,48.21568373803908,1.4968251370405676,0.30141845794790917,20.671274945544823,2.2367743129499407,0.22790000000000005,17.81902290475936,2.2362692664355324,0.2,10.0,0.0,0.2,10.0,0.0,0.21431242743356874,5.0,0.0,0.21431242743356874,5.0,0.0,0.18926001177553547,0.0,0.0,0.18926001177553547,0.0,0.0,0.18926001177553547,0.0,0.0,0.18926001177553547,0.0,0.0,0.18926001177553547,0.0,0.0,0.04142515109773633,8268.116172167833,0.040812815931726254,8248.557533768599,0.040699059529652255,8248.598507337581,0.012285916332523747,4084.2651303530997,0.012284021307182223,4084.2658205865055,0.012283577800765619,4084.265982209998
13,157,0.1872155460823312,0.4375984062360146,0.26700364290489853,0.253927805766814,11.219743282649292,0.044490710071409964,0.2562027154778352,42.408395586534695,0.3465228602657462,0.29984344849266176,48.06493421766089,1.0640605347628374,0.3013707727525771,20.668004177863747,2.243143486317765,0.22790000000000005,17.82171368842154,2.2469686350344737,0.2,10.0,0.0,0.2,10.0,0.0,0.21431242743356874,5.0,0.0,0.21431242743356874,5.0,0.0,0.18926001177553547,0.0,0.0,0.18926001177553547,0.0,0.0,0.18926001177553547,0.0,0.0,0.18926001177553547,0.0,0.0,0.18926001177553547,0.0,0.0,0.0451571082727786,8267.213030002376,0.044490710071409964,8247.66771956717,0.044364677607607386,8247.71121378543,0.013392756570629136,4083.9972752216872,0.01339064626167666,4083.9980076612724,0.013390152261121101,4083.9981791647756
14,158,0.13920876371776272,0.4544381609927911,0.2963946276830169,0.2504183619094777,11.0125369180505,0.045652607106965754,0.2538563573840206,41.127406966974924,0.04554907623373025,0.29866029975901043,47.87452402220289,0.4544288413418544,0.3012205938496778,20.65769977552232,2.232353590272294,0.22790000000000005,17.82579999597241,2.2566328664110196,0.2,10.0,0.0,0.2,10.0,0.0,0.21431242743356874,5.0,0.0,0.21431242743356874,5.0,0.0,0.18926001177553547,0.0,0.0,0.18926001177553547,0.0,0.0,0.18926001177553547,0.0,0.0,0.18926001177553547,0.0,0.0,0.18926001177553547,0.0,0.0,0.04623073953489487,8266.28841521168,0.045652607106965754,8246.754667425032,0.04554907623373025,8246.800232260755,0.013752678304529893,4083.722221655597,0.01375094473367173,4083.722988766599,0.01375053892741776,4083.723168386227
15,159,0.09424846633811737,0.46224784204525493,0.31465625286637855,0.24681490049207086,10.810794063099605,0.039040521268983046,0.2513490180189023,39.47340765723752,0.03883881157477873,0.29725060535196035,47.35550946204319,0.011719029116143946,0.30089610364086844,20.635422247722623,2.1906244229441976,0.22790000000000005,17.830074747730894,2.2640729836607036,0.2,10.0,0.0,0.2,10.0,0.0,0.21431242743356874,5.0,0.0,0.21431242743356874,5.0,0.0,0.18926001177553547,0.0,0.0,0.18926001177553547,0.0,0.0,0.18926001177553547,0.0,0.0,0.18926001177553547,0.0,0.0,0.18926001177553547,0.0,0.0,0.026071306235825452,8265.766989086964,0.039040521268983046,8245.973856999652,0.03883881157477873,8246.02345602926,0.011719029116143946,4083.487841073274,0.011715658072920354,4083.48867560514,0.011714869008166508,4083.4888710060636
16,160,0.07207285675434416,0.4674544071142729,0.32349422122426613,0.24285314467227842,10.601105834472213,0.04859800555792786,0.24848789058102047,37.81167930374226,0.04848800955049391,0.295492860074918,46.27113575550322,0.01464105708646547,0.3002672056646435,20.59220215893066,2.1138369177912106,0.22789838547526262,17.836475701776116,2.271942671970377,0.2,10.0,0.0,0.2,10.0,0.0,0.21431242743356874,5.0,0.0,0.21431242743356874,5.0,0.0,0.18926001177553547,0.0,0.0,0.18926001177553547,0.0,0.0,0.18926001177553547,0.0,0.0,0.18926001177553547,0.0,0.0,0.18926001177553547,0.0,0.0,0.014044533426905485,8265.486098418425,0.04859800555792786,8245.001896888492,0.04848800955049391,8245.05369583825,0.01464105708646547,4083.1950199315443,0.0146391963328857,4083.195891678482,0.014638760564404713,4083.1960957947754
17,161,0.06483525590234895,0.4718656523951549,0.3292025203900973,0.23888013947269038,10.413166019657034,0.05752421571281871,0.24551610958466816,36.19203403271953,0.057533778298125816,0.29352626557239475,45.104077765632354,0.017383132254659,0.299338870205034,20.528339849827645,1.999612349276919,0.22782531128210337,17.83840652293749,2.270953696329194,0.2,10.0,0.0,0.2,10.0,0.0,0.21431242743356874,5.0,0.0,0.21431242743356874,5.0,0.0,0.18926001177553547,0.0,0.0,0.18926001177553547,0.0,0.0,0.18926001177553547,0.0,0.0,0.18926001177553547,0.0,0.0,0.18926001177553547,0.0,0.0,0.010119544446713194,8265.283707529492,0.05752421571281871,8243.851412574237,0.057533778298125816,8243.903020272288,0.017383132254659,4082.847357286451,0.01738325601766262,4082.8482265581288,0.01738328463949223,4082.8484301019857
18,162,0.06095520319209049,0.4754800344489526,0.3336035928253294,0.23510373891118727,10.245902469592808,0.06464186194245741,0.24259657775094326,34.59572426184239,0.05900239363706978,0.29146841760464626,43.84810478653598,0.017828437487608664,0.2981846970735909,20.448881519067108,1.842707847934862,0.22758033121293933,17.82278287229107,2.24658937327542,0.2,10.0,0.0,0.2,10.0,0.0,0.21431242743356874,5.0,0.0,0.21431242743356874,5.0,0.0,0.18926001177553547,0.0,0.0,0.18926001177553547,0.0,0.0,0.18926001177553547,0.0,0.0,0.18926001177553547,0.0,0.0,0.18926001177553547,0.0,0.0,0.008015454489029822,8265.123398439711,0.05898379248915095,8242.671736724455,0.05900239363706978,8242.722972399546,0.017828437487608664,4082.4907885366983,0.01782872933425222,4082.491651971444,0.01782879747533062,4082.491854152479
19,163,0.05871731072549477,0.47808115979362464,0.3378043643146713,0.23171413557112236,10.096021474429046,0.06140445122205793,0.23989253269933197,32.84328113814512,0.048559581680731975,0.289454988299056,42.35859473013609,0.014670549248359364,0.29691388404506736,20.361358818211457,1.6044585366105781,0.22711330372679178,17.78613275385057,2.1638754197060197,0.1999892632206272,9.999318082061253,0.0,0.2,10.0,0.0,0.21431242743356874,5.0,0.0,0.21431242743356874,5.0,0.0,0.18926001177553547,0.0,0.0,0.18926001177553547,0.0,0.0,0.18926001177553547,0.0,0.0,0.18926001177553547,0.0,0.0,0.18926001177553547,0.0,0.0,0.0068018968340139456,8264.98736050303,0.04858983745004802,8241.699939975453,0.048559581680731975,8241.751780765931,0.014670549248359364,4082.1973775517313,0.014670044041048576,4082.1982510906228,0.01466992580845317,4082.19845563631
20,164,0.05614997923018894,0.48036047987183256,0.34093486063359624,0.22653124117767226,9.865030760636374,0.0735407348062049,0.23566766737349362,30.710213910393026,0.05334663460122952,0.28619260663133705,40.460283061975694,0.016116022903317935,0.2946766374098874,20.20677112539626,1.2857175866237938,0.22599592931482468,17.698194136162826,2.0038299124633387,0.1997964420410504,9.987721237710938,0.0,0.2,10.0,0.0,0.21431242743356874,5.0,0.0,0.21431242743356874,5.0,0.0,0.18926001177553547,0.0,0.0,0.18926001177553547,0.0,0.0,0.18926001177553547,0.0,0.0,0.18926001177553547,0.0,0.0,0.18926001177553547,0.0,0.0,0.0054098163971328704,8264.879164175087,0.05339810741157325,8240.631977827223,0.05334663460122952,8240.684848073906,0.016116022903317935,4081.875057093665,0.016115121300516344,4081.875948664612,0.01611490985544068,4081.8761574392015
21,165,0.05420693003964632,0.4824088842013551,0.3432427345525266,0.22082365745653526,9.610051336663169,0.11162910231388537,0.23090379083786236,28.472632998011754,0.06029392464050004,0.2823770847603708,38.33894385309089,0.018223711059864013,0.29188938314952756,20.01381649203597,0.8950312036283411,0.22436723882701068,17.569722258576107,1.768989519260043,0.19918773058687897,9.951422124612709,0.0,0.19998539530972656,9.999120354431122,0.0,0.21431242743356874,5.0,0.0,0.21431242743356874,5.0,0.0,0.18926001177553547,0.0,0.0,0.18926001177553547,0.0,0.0,0.18926001177553547,0.0,0.0,0.18926001177553547,0.0,0.0,0.18926001177553547,0.0,0.0,0.004356278248452781,8264.792038610118,0.060238509021832254,8239.427207646784,0.06029392464050004,8239.478969581096,0.018223711059864013,4081.510582872468,0.018224580989817843,4081.511457044816,0.01822478406327843,4081.5116617579356
22,166,0.0526271203234934,0.4842825681940372,0.3448687710817907,0.214450182151221,9.32443989878696,0.18156627820374655,0.22546999355510994,26.199900159064327,0.07017913840659125,0.27788778373464895,36.05077185011798,0.021225166084065814,0.28844715568163404,19.774978606103396,0.4454978041861559,0.2221398400088103,17.3935504444913,1.466041160525832,0.19803650184719193,9.884419788771881,0.0,0.19970731699980301,9.982550237544933,0.0,0.21431242743356874,5.0,0.0,0.21431242743356874,5.0,0.0,0.18926001177553547,0.0,0.0,0.18926001177553547,0.0,0.0,0.18926001177553547,0.0,0.0,0.18926001177553547,0.0,0.0,0.18926001177553547,0.0,0.0,0.003499720521946293,8264.72204419968,0.06993717588986118,8238.028464128987,0.07017913840659125,8238.075386812965,0.021225166084065814,4081.086079550787,0.02122911707505635,4081.0868747033146,0.021230040965941735,4081.087060938617
23,167,0.051736348667402024,0.4858794580615729,0.34628863433859186,0.20939296086161793,9.099237696307318,0.24959610530314422,0.2210409930288621,24.14267753011435,0.06809614492961114,0.27409228605239344,33.80428929316564,0.020584674209983323,0.2854184226139462,19.476781138671218,0.020585763733350578,0.22008600516751095,17.23123444493647,1.0997104489974499,0.19681480689292896,9.812209158658726,0.0,0.19905970298597517,9.942400201385258,0.0,0.2142728876248562,4.999077349235575,0.0,0.21431242743356874,5.0,0.0,0.18926001177553547,0.0,0.0,0.18926001177553547,0.0,0.0,0.18926001177553547,0.0,0.0,0.18926001177553547,0.0,0.0,0.18926001177553547,0.0,0.0,0.0030167531243368885,8264.661709137194,0.06802982709939767,8236.667867587,0.06809614492961114,8236.713463914371,0.020584674209983323,4080.6743860665874,0.020585763733350578,4080.675159428648,0.02058601859035967,4080.67534056681
24,168,0.05110935762123952,0.48717513295928344,0.34766976619066886,0.20492671339590135,8.900925594250749,0.3108702464188816,0.21703196613794232,22.325934808106783,0.06130146180455235,0.27054452484296526,31.678714903701405,0.01852952434108737,0.28249596809739164,18.745406609092228,0.018529967903853,0.21803699488789194,17.069303317026943,0.7022497135950035,0.19549139604795182,9.735450579862954,0.0,0.19810889906052914,9.88352157360954,0.0,0.21397797885662787,4.992187519958661,0.0,0.21431242743356874,5.0,0.0,0.18926001177553547,0.0,0.0,0.18926001177553547,0.0,0.0,0.18926001177553547,0.0,0.0,0.18926001177553547,0.0,0.0,0.18926001177553547,0.0,0.0,0.0026768067497875275,8264.608173002198,0.061274141115737375,8235.442384764687,0.06130146180455235,8235.48743467828,0.01852952434108737,4080.3037955797654,0.018529967903853,4080.3045600705705,0.018530071615981063,4080.3047391344903
25,169,0.05292730833434355,0.48804676923127904,0.3491051509914426,0.19928103198045355,8.6487601487573,0.3571275771775634,0.21191048512305782,20.647477718847053,0.04617974954554144,0.2659486339856963,29.654271026929422,0.013952478047597855,0.27862249855799776,18.003726814062954,0.013951180263849608,0.2151740959270785,16.842195632351523,0.3057163169644988,0.19348478606981,9.627433719561642,0.0,0.19651328871892376,9.792341397181074,0.0,0.21313660955449779,4.9724805661014635,0.0,0.21417955529932448,4.996898113499709,0.0,0.18926001177553547,0.0,0.0,0.18926001177553547,0.0,0.0,0.18926001177553547,0.0,0.0,0.18926001177553547,0.0,0.0,0.18926001177553547,0.0,0.0,0.0023070210727693333,8264.562032580743,0.04625733075868176,8234.517238149512,0.04617974954554144,8234.56383968737,0.013952478047597855,4080.0247460188134,0.013951180263849608,4080.025536465294,0.013950876494276752,4080.0257216046048
26,170,0.05203841373106411,0.4890431680564731,0.351289182113592,0.19340731030724426,8.386099911915975,0.3940877592738671,0.20648928635186056,19.117252981317613,0.0367491275216922,0.2609791606164291,27.73273883399293,0.01109297876322485,0.2743493472054515,17.266683421096918,0.011089454070564515,0.21193112785574705,16.482514972309207,0.01108862908510199,0.1911062729669211,9.505587990767188,0.0,0.19445937620411968,9.6802377333809,0.0,0.2118119096663689,4.9413820105008215,0.0,0.2136118971267795,4.983619218037163,0.0,0.18923704927163654,0.0,0.0,0.18926001177553547,0.0,0.0,0.18926001177553547,0.0,0.0,0.18926001177553547,0.0,0.0,0.18926001177553547,0.0,0.0,0.0031804299473434153,8264.498423981797,0.03696018209630373,8233.778034507586,0.0367491275216922,8233.828857136936,0.01109297876322485,4079.8028864435487,0.011089454070564515,4079.803747383882,0.01108862908510199,4079.803949022903
27,171,0.051409116060169305,0.489970350366338,0.3532012388384342,0.18787285768144438,8.139057985527545,0.43247917691154525,0.20126724394519174,17.746035188496226,0.03817468056844861,0.2560659384398831,25.91688608772182,0.01152382078246157,0.27005005250615677,16.548104828483847,0.011520195719687825,0.20862976022048962,15.826979067927088,0.011519347188044904,0.18862194979832103,9.38039072447936,0.0,0.19215562776633055,9.559601130934608,0.0,0.2101565009860483,4.902458605159646,0.0,0.2126400220159857,4.9608414952276725,0.0,0.18895509428614135,0.0,0.0,0.18926001177553547,0.0,0.0,0.18926001177553547,0.0,0.0,0.18926001177553547,0.0,0.0,0.18926001177553547,0.0,0.0,0.0028392390347071134,8264.441639201103,0.038391417637678185,8233.010206154833,0.03817468056844861,8233.065363525568,0.01152382078246157,4079.5724100278994,0.011520195719687825,4079.573343469488,0.011519347188044904,4079.5735620791424
28,172,0.05091008721816192,0.49084625032967766,0.3548940182539552,0.18296299865748833,7.920644275706613,0.47285868187626107,0.19650473908676938,16.540387655366665,0.04025461535699051,0.2514424148173485,24.20620374816894,0.012159511695219285,0.2659409473621532,15.85754861512265,0.012157428458475126,0.20547192391545327,15.197295468779346,0.012156940894278424,0.18621678545203077,9.259234184965358,0.0,0.18976987102458612,9.439419340625228,0.0,0.208321107039234,4.859265944673625,0.0,0.21139795316031967,4.931694066754488,0.0,0.1883259566557948,0.0,0.0,0.18916169471479968,0.0,0.0,0.18926001177553547,0.0,0.0,0.18926001177553547,0.0,0.0,0.18926001177553547,0.0,0.0,0.0025686793788606346,8264.390265613525,0.04037950496471576,8232.202616055538,0.04025461535699051,8232.260271218427,0.012159511695219285,4079.329219793995,0.012157428458475126,4079.3301949003185,0.012156940894278424,4079.3304232612563
29,173,0.050582875537596626,0.49149898587603064,0.3566325540612854,0.17877862183813178,7.735258797505288,0.5040517452642352,0.19230305227064892,15.493914139473723,0.030960976363347072,0.2472064710077836,22.599600456712515,0.009342887022064983,0.2621227785643597,15.19922681703474,0.009339019688641053,0.20256213758674896,14.603268825470217,0.009338114596898447,0.18399744027260487,9.14755090978972,0.0,0.18741334028579634,9.320728313622622,0.0,0.2064195783868108,4.814502586973968,0.0,0.21000248412887168,4.898922900397673,0.0,0.18746629335113146,0.0,0.0,0.18879857972510264,0.0,0.0,0.1892469016911023,0.0,0.0,0.18926001177553547,0.0,0.0,0.18926001177553547,0.0,0.0,0.002391271353683176,8264.342440186452,0.031193063387974184,8231.578754787779,0.030960976363347072,8231.64105169116,0.009342887022064983,4079.142362053554,0.009339019688641053,4079.143414506546,0.009338114596898447,4079.1436609693183
30,174,0.05020971854456547,0.4921931282252658,0.3581273720776449,0.17341877050812268,7.496185270272367,0.5407207282448565,0.18694240459229886,14.48790065752387,0.036476254952379834,0.2418138013922643,21.072744705953223,0.011013215984578287,0.2572292578239841,14.540714885531779,0.011009999444591013,0.19871142711718034,13.985443786967435,0.011009246616029223,0.1809513215551158,8.993561837999453,0.0,0.18425485557504093,9.160952997092673,0.0,0.20379837356641922,4.752579632595478,0.0,0.20797792420268715,4.851234363147214,0.0,0.1860776567058565,0.0,0.0,0.18799849540904856,0.0,0.0,0.18903146360819187,0.0,0.0,0.18926001177553547,0.0,0.0,0.18926001177553547,0.0,0.0,0.0021889603655946945,8264.298660979139,0.036668982980621295,8230.845375128165,0.036476254952379834,8230.911526592114,0.011013215984578287,4078.922097733862,0.011009999444591013,4078.923214517654,0.011009246616029223,4078.923476036998
31,175,0.049913090159686105,0.49292713818788314,0.35942150263930595,0.167906391588485,7.250084968368304,0.5828297702881109,0.18131981093277147,13.581017391039872,0.04190849261012574,0.23603219135089082,19.63220191832299,0.012655179807243,0.2519382038678371,13.902211756409528,0.012651811710680682,0.1945224162265677,13.38289271771311,0.012651023198302138,0.17759699822929012,8.823697963293027,0.0,0.18071452091497484,8.981482973042404,0.0,0.2007890195614013,4.681349669011019,0.0,0.20556941749770244,4.794395993737412,0.0,0.18431909285636242,0.0,0.0,0.18683393138058066,0.0,0.0,0.1884647396012574,0.0,0.0,0.18920051680599081,0.0,0.0,0.18926001177553547,0.0,0.0,0.0020281405242784157,8264.258098168653,0.042109042043254344,8230.003194287301,0.04190849261012574,8230.073356739911,0.012655179807243,4078.6689941377176,0.012651811710680682,4078.6701782834402,0.012651023198302138,4078.670455573032
32,176,0.04964175075855095,0.4937754862747128,0.3604541878087923,0.162334022958679,7.001214489433354,0.6368808610422391,0.17550079204569616,12.768341978152815,0.05400836360087734,0.22989086076268955,18.275904006251206,0.016324870666290604,0.24627489767333766,13.285391072618516,0.016324104894945644,0.1900271366721469,12.799918523651861,0.016323925149787935,0.1739664051836028,8.639551740181918,0.0,0.17681587039204186,8.783448355380948,0.0,0.1974117203324447,4.60126162458791,0.0,0.20279584037247608,4.728824495657949,0.0,0.18220858717142144,0.0,0.0,0.18532137752442102,0.0,0.0,0.18755547381857837,0.0,0.0,0.18889739827681862,0.0,0.0,0.18926001177553547,0.0,0.0,0.0018810332563159527,8264.220477503528,0.0540510907541282,8228.92217247222,0.05400836360087734,8228.993189467894,0.016324870666290604,4078.342496724392,0.016324104894945644,4078.343696185541,0.016323925149787935,4078.3439770700356
33,177,0.04941349376833193,0.49444680774151756,0.3615401500781848,0.156906343644242,6.7590295899726085,0.6816494558066797,0.16965302110618885,12.057340726514148,0.0446731061410857,0.2235046299941997,17.00632389960472,0.013499632357760779,0.24034217940232042,12.695962233813336,0.013498034409243178,0.1853296355097115,12.2455048331155,0.01349766038376095,0.17015644517470258,8.44610419494717,0.0,0.17263860522331717,8.570918876074952,0.0,0.19373482688639043,4.513934276258591,0.0,0.1997168377811021,4.655920963647082,0.0,0.1797979045225147,0.0,0.0,0.1835038302228553,0.0,0.0,0.1863380804014908,0.0,0.0,0.18828436042463656,0.0,0.0,0.18918079403177065,0.0,0.0,0.0017572837361973348,8264.185331828803,0.044768594764440596,8228.02680057693,0.0446731061410857,8228.099727345072,0.013499632357760779,4078.0725040772363,0.013498034409243178,4078.073735497356,0.01349766038376095,4078.0740238623603
34,178,0.04930119479185508,0.49503678837592885,0.36264656611095447,0.15297911842780054,6.58551419965519,0.7215423970717498,0.16501598963731004,11.49467271399709,0.039693396667427036,0.21796965239456711,15.839756002331422,0.011987102061709385,0.2351393405561269,12.157298890346713,0.011983760543725729,0.18134704338558866,11.76049774642137,0.011982978358182815,0.16699254626246066,8.286081364748057,0.0,0.16890665595281382,8.381546620335977,0.0,0.19038593595643172,4.434534117416756,0.0,0.19686692501909173,4.588520263545109,0.0,0.17752963424966603,0.0,0.0,0.18173083413148935,0.0,0.0,0.18506931877034874,0.0,0.0,0.1875254849060456,0.0,0.0,0.18893489977250297,0.0,0.0,0.001696396667180948,8264.15140389546,0.03989294126507009,8227.228941751628,0.039693396667427036,8227.305859411723,0.011987102061709385,4077.8327620360024,0.011983760543725729,4077.8340602864814,0.011982978358182815,4077.834364295197
35,179,0.08218600142425088,0.49573658930174164,0.3635807068161114,0.14896451578822947,6.408034196790256,0.7720207834876324,0.16017399226658305,10.981438580451256,0.050419962212351094,0.21199861379934787,14.756070237648288,0.015240862818955567,0.22949605860754135,11.639234634871784,0.015239873708467097,0.17702263234172083,11.291765352828259,0.015239642089256591,0.16353057222560868,8.110663409795725,0.0,0.16480319382700676,8.17285309739165,0.0,0.18666421792297733,4.346118213295438,0.0,0.19366215164032546,4.512588195952213,0.0,0.17493686995516836,0.0,0.0,0.17965233547948598,0.0,0.0,0.18351599924727682,0.0,0.0,0.18650439436832428,0.0,0.0,0.18845039028226845,0.0,0.0,0.0016339416309696772,8264.11872506284,0.05047838641588262,8226.219374023309,0.050419962212351094,8226.297460167476,0.015240862818955567,4077.527944779623,0.015239873708467097,4077.529262812312,0.015239642089256591,4077.5295714534113
36,180,0.2600532064770431,9.499860920849772e-05,0.3750695778591515,0.2600532064770431,0.0059884954989867034,0.8129717748959853,0.2600532064770431,0.12377936389289845,0.04291067661970873,0.30142281988300007,2.313949890007434,0.012966211081105851,0.30142281988300007,9.32205029118329,0.012964121777844685,0.30142281988300007,16.893626767658823,0.01296363273628899,0.30142281988300007,17.56638225295357,0.0,0.21431242743356874,11.801598078229992,0.0,0.21431242743356874,10.66839367742586,0.0,0.21431242743356874,5.1899900505562995,0.0,0.21431242743356874,3.8837840101107743,0.0,0.21431242743356874,0.0,0.0,0.21431242743356874,0.0,0.0,0.21431242743356874,0.0,0.0,0.21431242743356874,0.0,0.0,0.018962294216530885,8263.739479178512,0.04303550845132977,8225.358663854282,0.04291067661970873,8225.439246635082,0.012966211081105851,4077.268620558001,0.012964121777844685,4077.2699803767555,0.01296363273628899,4077.270298798686
37,181,0.2564546812702172,0.060482117141489135,0.36568565006044007,0.25424892446242287,0.12771249771619508,0.7415977428432939,0.254646175130314,0.1321886820859948,0.08231433358122164,0.2963925640105356,2.274678459357154,0.02821569629507474,0.2967914382593507,9.17658122823952,0.028212840196901633,0.2971903125081658,15.974055955567998,0.015248538892709853,0.29758918675698093,16.644093556135235,0.0,0.21084657648454613,11.483836265944555,0.0,0.2112490614167408,10.513689110094806,0.0,0.21165154634893546,5.124741548510429,0.0,0.21205403128113012,3.8424213309278046,0.0,0.2124565162133248,0.0,0.0,0.21285900114551945,0.0,0.0,0.21326148607771409,0.0,0.0,0.21366397100990875,0.0,0.0,0.051003190733569195,8262.719415363841,0.05048668231302614,8224.348930208022,0.050441245146509155,8224.430421732151,0.015249485213968888,4076.9636308537215,0.015248718419056947,4076.9650060083745,0.015248538892709853,4076.9653280208317
38,182,0.2540346812702172,0.1148339555938201,0.3592771224730358,0.2479822652703858,0.22741655785469433,0.6860102077038014,0.24879769595014592,0.14416026155509198,0.11450956421645117,0.29093219405796605,2.231986085790699,0.04250640712790101,0.29175305930550155,9.01810784722782,0.042502381146343214,0.2925741207896842,15.137497619577408,0.014289267102768758,0.29339537661635856,15.791805258700316,0.0,0.20704669082011784,11.186413198636831,0.0,0.20787481654193007,10.343029853792178,0.0,0.20870322356197635,5.0523450036613635,0.0,0.20953190727331755,3.7961703173567645,0.0,0.2103608631478355,0.0,0.0,0.21119008673478354,0.0,0.0,0.2120195736593657,0.0,0.0,0.2128493196213442,0.0,0.0,0.047943310864926696,8261.760549146542,0.04734389570182111,8223.402052293985,0.04727416506628232,8223.484938430825,0.014290710832826268,4076.6778166370655,0.014289540949441577,4076.679215189386,0.014289267102768758,4076.679542678776
39,183,0.2514396812702172,0.16518479951454956,0.3549233055860104,0.2412422520737993,0.3105603179061964,0.6416119595400758,0.24249683399862781,0.15841284445285683,0.14146245314776687,0.2850280042023554,2.1857517880680315,0.05608959302968719,0.2862949001593797,8.84617929453737,0.05608307483163305,0.28756244398136377,14.373262155500415,0.013580110184106651,0.2888306249313448,15.004744306621301,0.0,0.2029042695511507,10.906634231766475,0.0,0.20418205301083736,10.15596951777401,0.0,0.20546077617999672,4.972612204367215,0.0,0.20674041266075122,3.7449128546628367,0.0,0.2080209368772299,0.0,0.0,0.20930232404740487,0.0,0.0,0.21058455015597063,0.0,0.0,0.2118675919282257,0.0,0.0,0.04599702703370403,8260.840608605868,0.0450992521131579,8222.500067251722,0.044951227565250336,8222.58591387952,0.013583185901786182,4076.4061529190294,0.01358069368528984,4076.40760131568,0.013580110184106651,4076.4079404750937
40,184,0.2487346812702172,0.22511998575353848,0.3506511880651827,0.23420521445877726,0.40247724870132784,0.5956216600364658,0.2359074274059272,0.18123546586343656,0.16945662575058143,0.27882760548522656,2.137146369106324,0.07279472227451825,0.2805533715507042,8.665142113567757,0.07278790072346823,0.2822805758759097,13.679489848526346,0.016704754598524094,0.2840091838968031,14.28241782454485,0.0,0.19852413694763196,10.647339353712917,0.0,0.20026429451233502,9.957288889329085,0.0,0.20200656701529807,4.887583074361175,0.0,0.2037508685449358,3.689965446247595,0.0,0.20549711710439603,0.0,0.0,0.20724523441590517,0.0,0.0,0.20899514573556177,0.0,0.0,0.210746779677999,0.0,0.0,0.05566306871816122,8259.727347231506,0.05525786947035277,8221.394909862314,0.05524160866668606,8221.481081706188,0.016705129244831057,4076.072050334133,0.016704825891835178,4076.0735047978437,0.016704754598524094,4076.073845383123
41,185,0.2457896812702172,0.29235262021952463,0.3471868859493248,0.22653526954451259,0.49375574997076965,0.5547705446031289,0.2287140546725219,0.21239935666212778,0.19679761990346625,0.2720316099325378,2.083755378171508,0.09222322572768299,0.27425126781368947,8.466023163522367,0.09221883004158023,0.27647359747013356,13.044361642799391,0.01943149621750283,0.2786985136518636,13.61214837271729,0.0,0.1936980663999845,10.382056319035366,0.0,0.19593534398370022,9.737294833510264,0.0,0.19817661130252354,4.793125778950396,0.0,0.20042165390987163,3.6286712361316913,0.0,0.20267027029954685,0.0,0.0,0.20492227105495023,0.0,0.0,0.20717747805732223,0.0,0.0,0.20943572374885308,0.0,0.0,0.06376833235012827,8258.451980584503,0.06405430729955237,8220.113823716323,0.06420499052809915,8220.196981895626,0.019428503453164738,4075.683480265069,0.019430929318112005,4075.684886211481,0.01943149621750283,4075.685215458773
42,186,0.2427396812702172,0.3720479106675039,0.34427455864280965,0.2186028899033893,0.5876658925606926,0.520624898156754,0.22126092287612678,0.25480047004810297,0.22524461941794308,0.2649508507197029,2.0280674267978727,0.11583824072102868,0.2676760841792052,8.258064140494035,0.11583913461059028,0.2704058388872724,12.470637251060822,0.02362154185996773,0.2731399315162545,12.998044916027018,0.0,0.1886473737520327,10.10409551588049,0.0,0.1913929303471678,9.506195279548457,0.0,0.19414535830280058,4.693600851631211,0.0,0.19690419014141636,3.5638492554944987,0.0,0.19966899407994862,0.0,0.0,0.20243937107421725,0.0,0.0,0.2052149521194088,0.0,0.0,0.20799539578445483,0.0,0.0,0.0767829631414641,8256.916321321673,0.07768126778589284,8218.560198360605,0.07800274453668825,8218.636927004893,0.02361501499334569,4075.2111799652025,0.02362030456901005,4075.212480120101,0.02362154185996773,4075.212784621574
43,187,0.2398196812702172,0.4322091085281236,0.3452648215887538,0.2110523363782055,0.6433061027210102,0.5049207853300671,0.21414867307418417,0.28542809339918035,0.2471597561291782,0.25813422521164886,1.9745116608306559,0.13429395209758135,0.2613369242038589,8.057751116099416,0.1342955671073481,0.264546818556851,11.9705498402069,0.018456601027485694,0.26776355009497094,12.451118348022598,0.0,0.1837662731584543,9.835715982615367,0.0,0.18699111376330338,9.282417116036699,0.0,0.1902271046393101,4.5969231527999295,0.0,0.19347331863622072,3.5006513481774753,0.0,0.1967289148285985,0.0,0.0,0.19999312987979656,0.0,0.0,0.20326527030080685,0.0,0.0,0.20654470551343673,0.0,0.0,0.06115146080656388,8255.693292105541,0.060960279547624216,8217.340992769652,0.06100512672851514,8217.416824470323,0.018455711376552685,4074.842065737671,0.018456432496757814,4074.843351470166,0.018456601027485694,4074.843652601024
44,188,0.23711968127021718,0.48526773342723223,0.34757511757930676,0.20414369871029603,0.6846040611021569,0.4968001915789323,0.20761867080817742,0.31219912406695827,0.2663366112477949,0.25179754226796064,1.9248215238634565,0.15090661003460257,0.25543470346219777,7.871564097953608,0.15090779766827978,0.2590827488948602,11.535366313975743,0.016612130119145384,0.26274103602739834,11.972124947695253,0.0,0.17921499502075897,9.585931754933567,0.0,0.18287481654916268,9.073480815039991,0.0,0.1865518486514297,4.506359218616024,0.0,0.19024440216483127,3.4412366654320214,0.0,0.19395097186095683,0.0,0.0,0.19767021512200852,0.0,0.0,0.20140093312792182,0.0,0.0,0.20514205427691004,0.0,0.0,0.05536892088966157,8254.585913687748,0.05494815060740085,8216.242029757503,0.05492514245326096,8216.318321621258,0.016612657937021193,4074.5098125789305,0.01661223056093168,4074.511106858947,0.016612130119145384,4074.511409998641
45,189,0.2600532064770431,0.4449612798959878,0.35046596899362187,0.2424048341998457,0.8315766038101676,0.4915189590172459,0.20436652628853025,0.3464067623751693,0.2849145540474467,0.24845001334679181,1.8988871492485222,0.16837797674685068,0.2523014278553072,7.773808885128027,0.1683792709714997,0.256168599599831,11.241928554195386,0.017471498180944553,0.2600504587522505,11.627733664410306,0.0,0.17679742353834665,9.454851364850555,0.0,0.1806702830791119,8.962766469516657,0.0,0.1845685612235768,4.457935990280598,0.0,0.1884894026204387,3.4091957724374073,0.0,0.19243030378130938,0.0,0.0,0.19638906762029534,0.0,0.0,0.20036376380252047,0.0,0.0,0.20435269425122876,0.0,0.0,0.058090645215905866,8253.424100783428,0.05774671270385893,8215.087095503426,0.05775369740759169,8215.163247673105,0.017471366712248127,4074.160385244685,0.017471473303219943,4074.161677392883,0.017471498180944553,4074.1619800350213
46,190,0.2600532064770431,0.4880025270617683,0.35239731405505575,0.2386587658631924,0.8752008754071974,0.47988165000402266,0.19880264468488795,0.37028396670747205,0.3008592057539376,0.2429020413770191,1.8555158683071626,0.18335278741117722,0.24711823996003326,7.6107569302416325,0.18335288150343715,0.2513557695344867,10.915755539733752,0.014973329505300467,0.2556130481476072,11.259690016958796,0.0,0.17279716211884527,9.235971166367209,0.0,0.17703237264227434,8.778586925426842,0.0,0.1813025214678571,4.377629351107401,0.0,0.18560334017718497,3.3561840547003334,0.0,0.18993112053409966,0.0,0.0,0.19428263971673335,0.0,0.0,0.19865509481149415,0.0,0.0,0.20304604578036622,0.0,0.0,0.05019804876211229,8252.420139808186,0.0495876624683404,8214.095342254059,0.04951672813474316,8214.17291311041,0.01497481066432655,4073.860889031398,0.014973610531937432,4073.8622051822445,0.014973329505300467,4073.8625134449157
47,191,0.2580782064770431,0.5207246104930375,0.3548416235469339,0.23321951719182626,0.8947573755260959,0.47409844971328596,0.1943121622136058,0.38441588978681296,0.31217546148980096,0.2382756525614407,1.819488948359683,0.19362780066526603,0.24278438190799478,7.474900002604768,0.1936248962264636,0.24732142680775665,10.654086733501204,0.010271312972811579,0.2518845020789413,10.957212102103648,0.0,0.1694596221225026,9.054066929908245,0.0,0.17398251242003782,8.62470098195531,0.0,0.1785525360188236,4.31020708265226,0.0,0.18316345300902007,3.31147693505098,0.0,0.1878098979449688,0.0,0.0,0.1924872580586689,0.0,0.0,0.19719156632375637,0.0,0.0,0.201919408531922,0.0,0.0,0.03516639292314735,8251.716811949724,0.034185121514687215,8213.411639823766,0.03400530484866826,8213.492807013436,0.010275013254088833,4073.6553887663167,0.010272014723026465,4073.656764887784,0.010271312972811579,4073.65708718546
48,192,0.2581832064770431,0.5630303418426138,0.35753138794965694,0.226644361667228,0.918883103677854,0.4682323085314534,0.18882865585470737,0.40309468574311613,0.3264326933321101,0.23264419623054328,1.7754458442407897,0.20696136751082325,0.23750883503266518,7.30886750386964,0.20695648437128056,0.24241014935657235,10.385295027824816,0.013331124966533972,0.24734495725956707,10.65718223147946,0.0,0.16540003149683055,8.83184324046737,0.0,0.1702714368812626,8.436725139208974,0.0,0.1752048367658551,4.227850469118708,0.0,0.18019144546232063,3.256858723756645,0.0,0.1852237755411409,0.0,0.0,0.1902954522547374,0.0,0.0,0.19540104931532878,0.0,0.0,0.2005359459415578,0.0,0.0,0.04499549575229933,8250.81690203468,0.04421729823875222,8212.52729385899,0.04409930683889491,8212.610820876658,0.01333356684555719,4073.3887174294055,0.013331588144816959,4073.390133124888,0.013331124966533972,4073.3904646861297
49,193,0.25558320647704313,0.6121152601244262,0.36049438825942637,0.21951668679162145,0.9442859286895783,0.4644508527094504,0.18293160848729456,0.42515858762454994,0.34276543980100094,0.22651438591669518,1.7283093673340935,0.2215954967344641,0.23176056256795768,7.127588336460085,0.22249915594236958,0.2370538009493522,10.131602351334934,0.015542404479252443,0.2423897150267104,10.372331625421213,0.0,0.1609871150417849,8.589748173703011,0.0,0.1662287862681446,8.23154568249494,0.0,0.1715513177007561,4.137810168056976,0.0,0.17694245544347725,3.1970567872471314,0.0,0.18239185780093667,0.0,0.0,0.18789081379008057,0.0,0.0,0.19343199192217228,0.0,0.0,0.1990092213437202,0.0,0.0,0.05204791859158182,8249.775943662848,0.05145736984839194,8211.498146462023,0.05139094974545306,8211.583001881749,0.015543811520750898,4073.0778411989904,0.015542671571089014,4073.079279693466,0.015542404479252443,4073.079616596545
50,194,0.25300820647704314,0.6694670972581501,0.3637485606982269,0.21246454975382814,0.9747369605256091,0.4631200310949715,0.17724051933670668,0.45325468450436146,0.36153346564822864,0.22043063736828034,1.6852417553287806,0.2352766885080309,0.22604398297257677,6.947333920869533,0.24081383862798314,0.23171749100160763,9.89827783974834,0.027559780491761356,0.23744513147858679,10.11659223689738,0.0,0.15661876540449085,8.350166261394266,0.0,0.1622108968179841,8.02765407468685,0.0,0.16790823612478897,4.048032678065987,0.0,0.17369372440353711,3.137259706743228,0.0,0.1795531199051663,0.0,0.0,0.18547456986458555,0.0,0.0,0.1914482245120725,0.0,0.0,0.19746590080572077,0.0,0.0,0.06060600957252448,8248.563823471397,0.060463009665951216,8210.288886268703,0.06051571568312143,8210.372687568084,0.018313843807156397,4072.711564322847,0.018314682685613568,4072.7129860397545,0.018314878640247466,4072.7133190237396
51,195,0.25093320647704315,0.7313649841601667,0.3675136867162909,0.20678224255451977,1.012255651445921,0.4645248418712046,0.17299053181852553,0.48822779765817353,0.3812404288933814,0.21552178872950017,1.6548954535492042,0.24716125844159634,0.22140815105343642,6.801871018126081,0.26073788572864554,0.22737108793623315,9.709063346669625,0.047484234514512336,0.2334023609268363,9.921722590452344,0.0,0.15311616818195845,8.15915267019672,0.0,0.15895767135070019,7.863360219244676,0.0,0.16493554930873153,3.9750736742400035,0.0,0.17102620760306955,3.088327481136085,0.0,0.1772101586075517,0.0,0.0,0.18347138362922724,0.0,0.0,0.18979674777653888,0.0,0.0,0.19617548876353913,0.0,0.0,0.06566301292008049,8247.250563212996,0.0657089489370946,8208.974707289963,0.06581552254997994,8209.056377117086,0.01992230693460652,4072.313118184155,0.01992404710066241,4072.314505097741,0.019924454022750976,4072.314829943284
52,196,0.2600532064770431,0.0012428636064322062,0.37196180074595736,0.2600532064770431,0.06476260302730173,0.4693125502952273,0.2600532064770431,0.887407755283263,0.39978093531224773,0.30142281988300007,1.4604756736761444,0.2567171607886835,0.30142281988300007,3.3978100935845967,0.2809539259676404,0.30142281988300007,11.011462167222952,0.06770086098088787,0.30142281988300007,12.819339943321916,0.0,0.14902646408951145,7.924131089277678,0.0,0.15444216348525908,7.633454964633392,0.0,0.1608216841374361,3.8733901405206685,0.0,0.16734346876166653,3.020362452958316,0.0,0.1739814952637172,0.0,0.0,0.18071458563907714,0.0,0.0,0.1875255746712444,0.0,0.0,0.19440057273795927,0.0,0.0,0.06635366766389579,8245.923489859717,0.06660951948380968,8207.642516900285,0.06480651158440436,8207.760246885397,0.020213533065643025,4071.9088475228423,0.020216040238994835,4071.9101842929613,0.020216626466375526,4071.9104974139564
53,197,0.2575032064770431,0.06574854017372928,0.36203006714751845,0.25295457091405227,0.14080969690428619,0.4455679548290268,0.2533855687867873,0.9162640883620895,0.4016634260693055,0.2951644343236616,1.4437561049018859,0.2588366790040256,0.29559693498776163,3.3308430578745587,0.29731987598986653,0.2960294356518617,10.690009844321533,0.016365824570106713,0.29646193631596174,12.187213789659717,0.0,0.1451055465084301,7.71001201767529,0.0,0.15078440812802946,7.4482812378688115,0.0,0.1574562170196169,3.7906003504497985,0.0,0.16430830355891887,2.9645691739922446,0.0,0.17130565923619,0.0,0.0,0.1784201228828439,0.0,0.0,0.18562917689993386,0.0,0.0,0.19291486374212832,0.0,0.0,0.05457394296885817,8244.83201100034,0.05411992402732939,8206.560118419739,0.054090246034402725,8206.67844196471,0.016366484710970707,4071.581517828623,0.016365950022226152,4071.582865292516,0.016365824570106713,4071.5831809225538
54,198,0.2545682064770431,0.14697995359485028,0.35145627854744244,0.24480457548215787,0.23245294067379801,0.42006314872919404,0.24572776762714496,0.9576033584153778,0.40274096651328267,0.28796437840229977,1.4278352319176852,0.2601472700896921,0.2888931308319158,3.253550394426492,0.31881061442464226,0.2898220887053967,10.335381788074287,0.021491293366043242,0.2907512498683534,11.608886959687567,0.0,0.14059586813170372,7.462709768025674,0.0,0.14657011135803577,7.234122517022385,0.0,0.15357482652954899,3.694798190132508,0.0,0.16080612421190052,2.9000041396389413,0.0,0.16821764035902814,0.0,0.0,0.17577242688936826,0.0,0.0,0.1834412992813351,0.0,0.0,0.19120130186747328,0.0,0.0,0.07065762482104497,8243.41885850392,0.0708262519569574,8205.1435933806,0.07097104458384382,8205.259021073034,0.02148836596123201,4071.151750509398,0.021490738434775686,4071.1530505238206,0.021491293366043242,4071.153355055233
55,199,0.2518582064770431,0.21367465010488185,0.34632579397369995,0.23725464887691192,0.3020111981889304,0.4045660478071633,0.23862941280505018,0.9882612072925128,0.40512010867336756,0.28126503087840005,1.4115908852287655,0.26100676373092246,0.282653563408736,3.1817283844510467,0.3374358611133097,0.2840428207553299,10.037885972290171,0.01862548541602314,0.28543278916522474,11.106787242938635,0.0,0.1365758623629674,7.243050629149883,0.0,0.1427644478152195,7.041282935819847,0.0,0.1500334875585508,3.607587441161659,0.0,0.15758733223542237,2.840770253742084,0.0,0.1653647059515043,0.0,0.0,0.17331720288274996,0.0,0.0,0.18140706423025102,0.0,0.0,0.18960501847198596,0.0,0.0,0.06156421193628906,8242.187574265194,0.06145828305434656,8203.914427719514,0.06152219886202033,8204.028577095793,0.018624225136011155,4070.7792660066775,0.01862524668866746,4070.7805455900475,0.01862548541602314,4070.780845346913
56,200,0.2489932064770431,0.28354180854325833,0.3428473707708734,0.2292784479094808,0.3705227939207804,0.3924054009511747,0.231125310330621,1.020963101359943,0.40738893298059414,0.27415955514124274,1.3951247112846523,0.2611983610623271,0.2760337975525607,3.1054250581563663,0.357749155695679,0.2779096699745741,9.761444597018128,0.020314053279567017,0.2797871284908621,10.655170793383705,0.0,0.13239778977208483,7.014481924490084,0.0,0.13877892000751924,6.8390675781770955,0.0,0.14630380741241306,3.515620270294888,0.0,0.15418462255494073,2.778077124672172,0.0,0.1623413948265166,0.0,0.0,0.1707113154853414,0.0,0.0,0.17924592990728788,0.0,0.0,0.18790819354865904,0.0,0.0,0.06638873523554988,8240.859799560483,0.066857396529941,8202.577279788915,0.06705726640532293,8202.687431767687,0.0203100493749504,4070.3730650191787,0.02031329458236932,4070.3742796984006,0.020314053279567017,4070.3745642813215
57,201,0.2462482064770431,0.35571188254820957,0.3411332435327157,0.22162330038425695,0.4349370714770129,0.3864266243199324,0.2239150153146177,1.0546777685324802,0.41231173750962224,0.267293152880599,1.3812948863764714,0.2608550773560717,0.2696338053135002,3.031803796951485,0.3793308057659626,0.2719775286678403,9.523975540860905,0.021671415766642315,0.27432421405442514,10.261865222215059,0.0,0.12856172712683792,6.8051817487095505,0.0,0.13505598310694325,6.650542668235365,0.0,0.14277428167426354,3.4287105545950003,0.0,0.15093610853773293,2.71828611397359,0.0,0.1594379457593424,0.0,0.0,0.1681987295615811,0.0,0.0,0.17715654440076017,0.0,0.0,0.18626470152088767,0.0,0.0,0.07045594676679348,8239.450680625148,0.07123382422404692,8201.152603304434,0.07151353921724982,8201.257160983341,0.02166577228545761,4069.9397495734697,0.021670346146450768,4069.9408727754717,0.021671415766642315,4069.941135965989
58,202,0.2432432064770431,0.42897009574987416,0.3412024248729577,0.21326547634133375,0.49264724482206906,0.3862346711146524,0.2160345537543271,1.0834903003803502,0.41997951844793563,0.25975622616533334,1.3647820590921256,0.2600049936881765,0.2626063361973621,2.9574263435528834,0.39529803466015107,0.2654616317163857,9.290204495338497,0.028485316192320316,0.2683218844576969,9.900539560167813,0.0,0.1244256407813684,6.578967769560885,0.0,0.1310108633368021,6.445199073481044,0.0,0.13891811121620354,3.3335343948119878,0.0,0.14737457930158776,2.652594625570338,0.0,0.15624816941926234,0.0,0.0,0.16543524903556084,0.0,0.0,0.1748572737641164,0.0,0.0,0.1844557684794172,0.0,0.0,0.07332739454190666,8237.98413273431,0.07456330205135156,8199.661337263406,0.07495261950275099,8199.758108593287,0.022715890947831115,4069.485431754513,0.02272227160281767,4069.4864273434155,0.02272376385516024,4069.4866606888854
59,203,0.24073320647704308,0.48117463316054015,0.34393936830112987,0.20625738937625712,0.5262149616439258,0.39044092635554867,0.20940659380095794,1.095370412426246,0.4282963360866917,0.2533294676949938,1.3469302970181867,0.25972736423295933,0.25660785259383373,2.8960156424106787,0.4040693170095519,0.2598945061276247,9.091201692464997,0.044978813005109454,0.26318898689826997,9.607386648640084,0.0,0.12133319500172737,6.4112881736095595,0.0,0.12784304559808865,6.285493742158603,0.0,0.13579587497642764,3.25688934284831,0.0,0.14442762488320168,2.598470108475127,0.0,0.15357101627423614,0.0,0.0,0.16309396893219932,0.0,0.0,0.17289699150762544,0.0,0.0,0.18290694794342857,0.0,0.0,0.05494148083883809,8236.885303117533,0.054512837735683356,8198.571080508693,0.054490645992414204,8198.668295673438,0.016493997286384513,4069.155551808785,0.016493591951510823,4069.156555504386,0.016493496812789138,4069.156790752629
60,204,0.23805320647704306,0.534622734030598,0.34721127635849264,0.19880988930860413,0.5562942083098965,0.3970488162911637,0.20234870688011253,1.1039959506665293,0.43786560318667933,0.24643515265008337,1.3270219556020637,0.25902853284720345,0.250169480529108,2.832237509727193,0.41039024013089764,0.253916218221848,8.877155415674773,0.062053574377910245,0.2576745945656122,9.339932974960469,0.0,0.11811241796098723,6.236460411147268,0.0,0.1245062544917255,6.117041324217383,0.0,0.13247787494649094,3.175318296049469,0.0,0.1412776211451467,2.5405331862041076,0.0,0.15069931286929644,0.0,0.0,0.1605775506114605,0.0,0.0,0.17078788944819215,0.0,0.0,0.1812397608012672,0.0,0.0,0.056720008927420636,8235.750902938984,0.05639936508313712,8197.443093207028,0.05640113058219461,8197.540273061793,0.0170747963138007,4068.8140558825085,0.017074768406037114,4068.815060136265,0.01707476137280078,4068.8152955251735
61,205,0.23541320647704306,0.5891739397079372,0.35098547784824574,0.19150741011927253,0.5844055916692907,0.4058213114119188,0.19540268900634064,1.112108586910521,0.44863242471717824,0.23955759872815086,1.3075810408745174,0.2579703471573228,0.24374065604264758,2.7709895468540346,0.414535323358085,0.24794171035998605,8.663247740580834,0.07965296583755155,0.252159481751896,9.105575476196318,0.0,0.11515817499623006,6.0764716018836475,0.0,0.12134798930079166,5.957836060107963,0.0,0.12926484514169087,3.0963920240707976,0.0,0.13818240411983215,2.4836265082417217,0.0,0.14785190212674548,0.0,0.0,0.1580686250693056,0.0,0.0,0.16867805777772096,0.0,0.0,0.17956866266828164,0.0,0.0,0.05832540716709245,8234.584394795642,0.05809625285667441,8196.281168149895,0.058123419282372774,8196.377804676145,0.017598898158683388,4068.462077919335,0.017599298273907618,4068.4630741707865,0.017599391459641317,4068.463307695981
62,206,0.23273320647704304,0.641098168303075,0.35525397907274303,0.18415519391700777,0.6066110621014893,0.41611172906884475,0.18837814484987347,1.1150602398352356,0.4600323780961787,0.23249682282392597,1.2858623654088457,0.2568792253909336,0.23713388934008023,2.70852967488104,0.41669333610107173,0.24179638244034934,8.443068688778624,0.09655337252122143,0.24648226148725397,8.895121218099327,0.0,0.11234039219874083,5.924058237339496,0.0,0.11825310400415333,5.801909335160751,0.0,0.12605023687435668,3.01742598920799,0.0,0.1350435231226103,2.4258983931077713,0.0,0.1449403776875997,0.0,0.0,0.1554907322366626,0.0,0.0,0.16650421072204355,0.0,0.0,0.17784419832529694,0.0,0.0,0.0561927298196351,8233.46054019925,0.05582771038734015,8195.164613942148,0.05582168172974214,8195.261371041552,0.01690058071671676,4068.124066305001,0.016900439953228562,4068.125065371722,0.016900406683669864,4068.125299562307
63,207,0.2600532064770431,0.0001623801917515214,0.3600490873613492,0.2600532064770431,0.0038238273198790773,0.4278687318951823,0.2600532064770431,0.037426241542992414,0.4722812637164583,0.30142281988300007,0.30531683418141964,0.25621458559212706,0.30142281988300007,0.8953067792558431,0.4175989187110723,0.30142281988300007,1.7622240471250783,0.11350785375453129,0.30142281988300007,3.519926712178328,0.0,0.21431242743356874,4.101108995465129,0.0,0.21431242743356874,6.557972024783081,0.0,0.21431242743356874,8.428642483535208,0.0,0.21431242743356874,9.915469467413836,0.0,0.21431242743356874,4.355983632820787,0.0,0.21431242743356874,0.1633601733571226,0.0,0.21431242743356874,0.0,0.0,0.21431242743356865,0.0,0.0,0.05635643153700862,8232.33341156851,0.05600044951620223,8194.044604951823,0.055996809352474815,8194.141434854502,0.016954606323066976,4067.78497417854,0.016954505222021056,4067.7859752672816,0.016954481233309872,4067.786209937641
64,208,0.2573332064770431,0.07632155202847776,0.34935424997548054,0.2527267516044225,0.09282608135106628,0.404485726036761,0.2531715816618002,0.13303946282765314,0.44153470421188645,0.29496427938331826,0.34190441860514376,0.2329021779980446,0.2954106122320609,0.936504004988118,0.3781432724131631,0.29585694508080357,1.7290718139840262,0.13347133395717323,0.29630327792954625,3.45910925311409,0.0,0.20960422618741378,4.00898849372581,0.0,0.2100539010955046,6.425019023452584,0.0,0.2105035760035954,8.276134637418624,0.0,0.2109532509116862,9.757577554895626,0.0,0.211402925819777,4.2960329894690155,0.0,0.2118526007278678,0.16146339363531992,0.0,0.2123022756359586,0.0,0.0,0.21275195054404933,0.0,0.0,0.0654643344508576,8231.024124879492,0.06573009950972149,8192.730002961629,0.06588396929483034,8192.823755468606,0.019960396961780976,4067.3857662393043,0.01996289595210551,4067.38671734824,0.01996348020264193,4067.3869403335884
65,209,0.25463320647704313,0.1561322864655935,0.3411179054741214,0.2454743012714261,0.18232897179970328,0.3849760941584322,0.2463567317562882,0.22848410068361058,0.4155132313091533,0.28855212666401003,0.37676266819439747,0.21260896246181063,0.28944021461640507,0.9740658949808031,0.34343253246246386,0.2903285155488941,1.6961468645998805,0.15564152889921706,0.2912170271562469,3.398694183001659,0.0,0.2049300919456475,3.9175497488569464,0.0,0.2058247962442723,6.293003447014964,0.0,0.20671980992849429,8.124649603232175,0.0,0.20761512732833878,9.600691107499012,0.0,0.2085107428825294,4.236444149401456,0.0,0.2094066511362473,0.15957743958571804,0.0,0.21030284673894,0.0,0.0,0.21119932444217968,0.0,0.0,0.07157438993575657,8229.592637080777,0.07273577190518031,8191.2752875235265,0.07310337277306708,8191.361688013145,0.022162771670996968,4066.9425108058845,0.022168788006853065,4066.943341588102,0.022170194942043846,4066.9435364347473
66,210,0.2600532064770431,0.21908321755852253,0.3365324267952142,0.2551919889667009,0.27506013683890246,0.3721191268151285,0.24283051678615064,0.31325138926756596,0.397868875690168,0.2851961061049712,0.4083912921233119,0.1978820124032599,0.28631309440189867,1.0104471287482084,0.3177484400466756,0.28743078558864554,1.6790471806656524,0.17697761617977106,0.288549166925559,3.3672706265114067,0.0,0.20246825917148148,3.869915851051792,0.0,0.20359495192423643,6.224080235217874,0.0,0.20472268620583367,8.045391506527611,0.0,0.205851430047225,9.518434147713867,0.0,0.20698115256446975,4.205136835312042,0.0,0.20811182391822217,0.15858458291727837,0.0,0.2092434152748549,0.0,0.0,0.2103758987691494,0.0,0.0,0.07066958618462887,8228.179245357085,0.0703965732962674,8189.867356057601,0.07044081931192572,8189.952871626905,0.021335196044307107,4066.5158068849983,0.021335918305981645,4066.516623221982,0.021336087280554,4066.516814689136
67,211,0.2600532064770431,0.2926189180157485,0.3342461951371563,0.248600520859333,0.3476722109193991,0.3636370649994426,0.23668084623812033,0.38929208816888045,0.385247644354945,0.27937414126606375,0.4329923992086871,0.18645181977421577,0.2808894511313574,1.0330314549610213,0.29733730941403047,0.282406128083965,1.6491730519621277,0.19866187239395128,0.2839241418693043,3.3124189646686646,0.0,0.19822294808620625,3.787034444937261,0.0,0.1997508794815343,6.104301962524063,0.0,0.20128086167882317,7.907818437803602,0.0,0.20281281779988714,9.37582565338655,0.0,0.20434667406908877,4.150923363949066,0.0,0.20588235968126373,0.15686729807221247,0.0,0.2074198066753281,0.0,0.0,0.2089589498133433,0.0,0.0,0.07130059552164554,8226.75323344665,0.07142303070325581,8188.438895443535,0.07155866798440598,8188.521698267217,0.021681507929595813,4066.082176726406,0.021683735217735662,4066.0829485176273,0.021684256214180218,4066.0831295648527
68,212,0.25754820647704313,0.35835085879141154,0.33460800553986536,0.24184450738750188,0.4086001440085857,0.35927234871147595,0.23042940314968388,0.45237081576309024,0.378020913550388,0.27343210806760265,0.451641126936467,0.17851817187405644,0.2753520522306642,1.0471316328053062,0.2825894191796678,0.2772743936220892,1.621656702298737,0.2157830186681387,0.2791990649720406,3.256360631072235,0.0,0.19389251486285408,3.702454079419102,0.0,0.19582759559911736,5.982006075523525,0.0,0.1977663326958712,7.767287657297488,0.0,0.19970855251828756,9.230088028757413,0.0,0.2016540904484707,4.095498213706125,0.0,0.20360279038542226,0.15511098679803934,0.0,0.2055545042734422,0.0,0.0,0.20750909165742215,0.0,0.0,0.06609375117837202,8225.431358423084,0.06627556531029408,8187.1133841373285,0.06641331101735781,8187.19343204687,0.020124564430442818,4065.6796854377967,0.020126809523746955,4065.680412327152,0.02012733449752856,4065.680582874902
69,213,0.2600532064770431,0.0006458652796026698,0.33630837809241365,0.2600532064770431,0.032956630907862605,0.35688704383883524,0.2600532064770431,0.44055654104534564,0.37574386766385603,0.30142281988300007,0.613904499765502,0.17230216784157162,0.30142281988300007,0.6636028375250582,0.270598261110843,0.30142281988300007,0.9723535587415391,0.22934366809611142,0.30142281988300007,1.7874122977476983,0.0,0.21431242743356874,2.131069447611803,0.0,0.21431242743356874,3.413273772824466,0.0,0.21431242743356874,5.727368089529419,0.0,0.21431242743356874,7.906913331878184,0.0,0.21431242743356874,9.63168366981255,0.0,0.21431242743356874,4.633226379269707,0.0,0.21431242743356874,0.1516792503137255,0.0,0.21431242743356874,0.0,0.0,0.0671961164964035,8224.087436093156,0.06751037432935993,8185.763176650741,0.06767979369475324,8185.839836172974,0.02051157916669716,4065.2694538544624,0.02051434471994338,4065.2701254327535,0.02051499141425535,4065.270283046617
70,214,0.2573332064770431,0.0815882663600209,0.3284097167519512,0.2527267516044225,0.11775656942884927,0.34500558233996437,0.2531715816618002,0.5085105019596665,0.3699871022254098,0.29496427938331826,0.6246285790138321,0.1706245963105695,0.2954106122320609,0.6928598061430132,0.25032908919943053,0.29585694508080357,0.9808265886938792,0.2250726319418253,0.29630327792954625,1.7565293041123242,0.0,0.20960422618741378,2.083200642619687,0.0,0.2100539010955046,3.3440747901595937,0.0,0.2105035760035954,5.623737098778861,0.0,0.2109532509116862,7.781005257410421,0.0,0.211402925819777,9.499124486574276,0.0,0.2118526007278678,4.579429853090048,0.0,0.2123022756359586,0.1502430984083116,0.0,0.2127519505440494,0.0,0.0,0.07304373973995573,8222.626561298357,0.0738738775389475,8184.285699099962,0.07417225525736774,8184.356391067828,0.022488566135255253,4064.8196825317577,0.022493466075722016,4064.820256111239,0.02249461211041957,4064.820390804409
71,215,0.2545482064770431,0.1588412275473235,0.3240751994220015,0.24524406589503858,0.19568119347662066,0.33752690417875814,0.24614047525747101,0.5713804090107995,0.3669929463823308,0.2883498490427632,0.6339693615147521,0.169519527117452,0.2892519158727285,0.7162085213148957,0.23479809755195602,0.2901541956827879,0.9873617001124931,0.22183150951909394,0.291056686167711,1.7248660831167153,0.0,0.20478372983468193,2.0341632454208782,0.0,0.20569241301087704,3.2731672533287957,0.0,0.20660140557266932,5.517519134978812,0.0,0.20751070185008416,7.651920385601879,0.0,0.2084202962818451,9.363185857834228,0.0,0.2093301834131333,4.5242479726526295,0.0,0.21024035789339635,0.14876959963096123,0.0,0.21115081447420642,0.0,0.0,0.07291844385735295,8221.16819242121,0.07403883771061626,8182.804922345749,0.07440156799319383,8182.868359707964,0.02256401012613794,4064.368402329235,0.02256996173429497,4064.3688568765533,0.022571353657349545,4064.368963731262
72,216,0.25170320647704314,0.24026910203563762,0.32176045823305155,0.23762425966778652,0.2757349496591602,0.3323652147059629,0.23897674993216225,0.6377121774985336,0.36528934940345237,0.2815907343757635,0.6445195944718103,0.16856155706527487,0.28295682277530176,0.7381913881752362,0.22170069412592805,0.28432362410656664,0.9948270630654444,0.2189401146929952,0.2856911252405907,1.6924713979395252,0.0,0.19985955420676138,1.984045165671982,0.0,0.20123533969684995,3.2006713068457557,0.0,0.20261218227324457,5.408884917424235,0.0,0.2039900489767211,7.519856318616979,0.0,0.20536890798700855,9.224066864560028,0.0,0.20674872857944487,4.467758426728667,0.0,0.2081294810834189,0.1472607586140331,0.0,0.20951113684252076,0.0,0.0,0.07911313329936415,8219.585929755223,0.08116690067953276,8181.181584332159,0.08175624906275093,8181.233234726709,0.024809637224181936,4063.872209584751,0.02481934081753427,4063.8724700602024,0.0248216105175097,4063.8725315209117
73,217,0.24902320647704312,0.31988062346942925,0.3220097743162448,0.23048398752621682,0.3500956028252944,0.3306076648219002,0.23225812689319805,0.700369545496739,0.3657464463819528,0.2752214260366467,0.6547888889822477,0.16811685511694635,0.27702246415793763,0.7567023261872858,0.21212351259338333,0.2788250990373987,1.0019811973128012,0.2169165099215782,0.28062928859140474,1.6619435304001433,0.0,0.19521912225752633,1.9368836659733804,0.0,0.19703256518386514,3.1323998524275463,0.0,0.19884842654417575,5.306506830005441,0.0,0.20066659864918915,7.395312079000937,0.0,0.2024869791726681,9.09278383494996,0.0,0.20430947085875809,4.4144177069335715,0.0,0.20613398124640625,0.14583518667273637,0.0,0.20796042240981266,0.0,0.0,0.07986083751698482,8217.988713004883,0.08114522631907635,8179.5586798057775,0.08156181829554111,8179.6019983607985,0.02474037905050118,4063.3774020037417,0.024747248136210973,4063.377525097478,0.024748854958963774,4063.377554421732
74,218,0.2462882064770431,0.39977029849343193,0.3241553828307002,0.22323306668906298,0.41904887245033706,0.33418655942024506,0.22542887089549946,0.7594365144703895,0.36992049228097373,0.26871746595120666,0.6647604596316494,0.16792651310672668,0.2709603227113018,0.7727250111426567,0.20480997647390056,0.27320612638185165,1.0085659829506313,0.21536502861414453,0.27545477655749145,1.630723353697399,0.0,0.1904836378140841,1.888732115665808,0.0,0.19274103687260663,3.0626545461502954,0.0,0.19500299251543485,5.201863195184124,0.0,0.1972692431833965,7.267950593209265,0.0,0.19953954402642837,8.958472659773863,0.0,0.20181366574837023,4.359825138925374,0.0,0.20409139353539837,0.144375638795826,0.0,0.20637252606202863,0.0,0.0,0.0820352835384581,8216.348007334114,0.08390375687842057,8177.880604668209,0.08445836338792113,8177.91283109304,0.025629550158794305,4062.864811000566,0.02563869958503292,4062.864751105777,0.02564083983347631,4062.864737625063
75,219,0.2434032064770431,0.47031420855571426,0.32837560896677204,0.21562455577548142,0.4716001991462433,0.34208775942048275,0.21825466397313573,0.802019117018154,0.37783576090410287,0.2618512970135045,0.6698743880344409,0.16826314885206492,0.26455800076338837,0.7814054050067766,0.2003149125982056,0.2672696094624783,1.00975715449629,0.2146580596150094,0.26998591715298215,1.597691272457518,0.0,0.18548947269470495,1.8378794181252072,0.0,0.1882119875633377,2.988956193370808,0.0,0.19094224803854778,5.091235832951008,0.0,0.1936797079460127,7.133251067716581,0.0,0.1964238637571464,8.816373141033774,0.0,0.1991742510213022,4.302049665338227,0.0,0.2019304411051714,0.14283060731957167,0.0,0.20469203821382098,0.0,0.0,0.07476413619835416,8214.852724610146,0.07523905185741674,8176.375823631061,0.07546116221827255,8176.403607848676,0.02288166978324898,4062.4071776049013,0.022885328794981213,4062.4070445298776,0.02288618470279032,4062.4070139310065
76,220,0.2410282064770431,0.523770027064982,0.3337205981340146,0.20946212566483505,0.5072227544746098,0.35110504798849385,0.212425938018044,0.8297607013937681,0.3866223997748583,0.25619125398332987,0.6720559947169108,0.16902154448426546,0.2592745984388532,0.7854403760759806,0.19809662885482124,0.2623656297632461,1.0085856621922038,0.21469573474328058,0.2654639602765353,1.5704759358506115,0.0,0.18137295753449437,1.7961661517695404,0.0,0.18447205291765412,2.9283589340829317,0.0,0.18758355935561793,5.000077118226751,0.0,0.19070642960538361,7.022037507996557,0.0,0.19383971387953666,8.698838766279575,0.0,0.19698255020761388,4.254183467331797,0.0,0.20013415576399338,0.1415486446020121,0.0,0.20329381907188604,0.0,0.0,0.0588008076765103,8213.676708456616,0.05851444417641074,8175.205534747533,0.05853471495571246,8175.232913549562,0.017739562417270698,4062.052386356556,0.01773987902325399,4062.0522469494126,0.01773995295662457,4062.052214871874
77,221,0.2382282064770431,0.5831688558344366,0.33928529856434686,0.20221345795631213,0.542660842029184,0.3622751714996282,0.20556349356793804,0.8563267208858155,0.39720404692131045,0.24951183054481957,0.6732107813136757,0.16953226351635844,0.2530384701604158,0.7879290620462209,0.19590814435509854,0.2565764247586468,1.0057283888367485,0.2144535951453941,0.26012503682915883,1.538242780212617,0.0,0.17652423865479092,1.746829557557112,0.0,0.1800650588990681,2.8566889477697615,0.0,0.18362452216980982,4.892272937123631,0.0,0.18720082349463563,6.8905397018523455,0.0,0.1907923483532517,8.559899539398259,0.0,0.19439765171058046,4.197615744655896,0.0,0.1980154393097836,0.14003410895047538,0.0,0.20164455101919096,0.0,0.0,0.06496352919978685,8212.37743787262,0.06479042919573266,8173.909726163619,0.06484804583211226,8173.935952632919,0.01965642234531857,4061.65925790965,0.019657364581599973,4061.6590996577806,0.019657584961110985,4061.6590631726517
78,222,0.23563320647704308,0.6362374639137245,0.3451319861304627,0.19561542563577608,0.571414026643538,0.3739347257227466,0.19929144554799108,0.8771890041424883,0.4081445660729307,0.2433078675328793,0.6732906982355319,0.1700952352205874,0.24723957095312174,0.7886923695772635,0.19447354906968606,0.2511874734370321,1.0020378888779762,0.21437668261704373,0.2551505001535905,1.508252460297549,0.0,0.17202776619236684,1.701170817831801,0.0,0.1759696803557506,2.7902046386661894,0.0,0.1799388639781829,4.792065314224718,0.0,0.18393231575846286,6.76809366930478,0.0,0.18794739164663077,8.430328474914432,0.0,0.19198176102342268,4.1447931185287,0.0,0.19603336800885626,0.13861823984961327,0.0,0.20010039743592728,0.0,0.0,0.05891529564540376,8211.199131959711,0.05871647824432535,8172.735396598732,0.058752892008933855,8172.76089479274,0.017808691067492194,4061.3030840883002,0.017809253995842593,4061.3029145778632,0.017809385336618414,4061.30287546592
79,223,0.23320820647704307,0.6948674837437288,0.35114581485709934,0.18958667405407406,0.6048502152925707,0.38740947648266166,0.19352957605310409,0.9038293257086294,0.42065706360271704,0.2374937563328212,0.676237844764503,0.17046032578576006,0.24179757813166272,0.7921979947297815,0.19301547543002634,0.24612394404133417,1.001524822118762,0.2140736225754006,0.2504711735108885,1.4800751422354992,0.0,0.16782326744783466,1.658551158015966,0.0,0.1721303422794758,2.7279695976619918,0.0,0.1764761803330004,4.698038992038339,0.0,0.1808560121875959,6.652970536426854,0.0,0.18526569686830924,8.308300661709579,0.0,0.18970163792827277,4.094974684605904,0.0,0.19416070981771275,0.13728128252936045,0.0,0.1986401937265455,0.0,0.0,0.06464384855664095,8209.906254988578,0.06508159003152993,8171.433764798103,0.06526897491715461,8171.455515294397,0.019795141950051998,4060.9071812492994,0.01979817683649935,4060.906951041133,0.019798886198790947,4060.906897741944
80,224,0.23072320647704306,0.7584887196928044,0.35741704006210334,0.18351790408624,0.6405776790590694,0.4027224550335069,0.18770182180912112,0.933041548723849,0.4347847742719236,0.23151983090244974,0.6799968635106337,0.17091968125293674,0.23620013320547906,0.7965077984128391,0.1916055279321967,0.24091100729487638,1.002009922650587,0.21359174708515238,0.24564993346869604,1.451026497929195,0.0,0.16351481860131956,1.614850025086461,0.0,0.16818778519824928,2.6640221722175377,0.0,0.17291439316760254,4.601266163138194,0.0,0.17768738537345044,6.53433082100116,0.0,0.18250054296964663,8.182417584365485,0.0,0.1873485382053333,4.043541757036277,0.0,0.19222680526779146,0.13590015934764443,0.0,0.19713142827817495,0.0,0.0,0.06989246115407964,8208.508405765497,0.07104228813114834,8170.01291903548,0.07140196919354966,8170.027475910525,0.021667395500474897,4060.4738333392897,0.02167327763065778,4060.4734854885205,0.021674653036239094,4060.473404681219
81,225,0.22827820647704306,0.8258053883427733,0.36485119358811885,0.1777091293372934,0.6776115421439038,0.41492406899413337,0.18208246026509967,0.9641971308459881,0.4473413516200621,0.2256194531794146,0.6842094553207738,0.17199060419531798,0.23066299398857928,0.8012884598890255,0.190776562993832,0.23574726013252875,1.0036776337059143,0.2130496532950503,0.24086857647794824,1.422222924664962,0.0,0.15927457682624632,1.5718591430932882,0.0,0.16429540661416947,2.6009079131865187,0.0,0.16938912868463987,4.505506297628952,0.0,0.1745450106403555,6.416691731838617,0.0,0.17975396877352223,8.057393268338014,0.0,0.1850083235445157,3.9923940274630856,0.0,0.19030158389394766,0.13452530010511352,0.0,0.19562826054386315,0.0,0.0,0.07475082217598435,8207.013389321977,0.070174026802208,8168.609438499436,0.07250734265398148,8168.577329057445,0.023066725768467525,4060.0124988239204,0.02307212192940665,4060.012043049932,0.023073384088994307,4060.011936999439
82,226,0.22538820647704305,0.8935481068829225,0.37355485476465117,0.17087308911176857,0.7079276796970727,0.42401011911571246,0.17545578573623893,0.9877312501158055,0.4563460444968454,0.21863420686162424,0.6846371587435031,0.17370241573698672,0.2241063787316681,0.8017365877848553,0.19089444655777832,0.2296320029869024,1.0010390077511624,0.21297093960473107,0.23520584342457462,1.3879819863978453,0.0,0.15426775385007965,1.520843812432641,0.0,0.1596958270293234,2.5259962316348106,0.0,0.1652214409328856,4.391855531081602,0.0,0.17082911082539398,6.277114914375843,0.0,0.17650587803387044,7.909119767465713,0.0,0.18224092472022094,3.931767982272167,0.0,0.1880252295839714,0.13289665033628895,0.0,0.19385126911571768,0.0,0.0,0.0764463797166817,8205.484461727643,0.06651107757341278,8167.279216947968,0.06895494137805772,8167.198230229883,0.02399964219234671,4059.5325059800734,0.024009075289680624,4059.5318615441383,0.02401128154705198,4059.5317113684982
83,227,0.22313320647704304,0.9520178769793752,0.3827526178842108,0.1660223098558804,0.7359301180714282,0.43923300157042333,0.17062891011385256,1.0105269648879165,0.47197347027291614,0.2131211550077574,0.6853834749031628,0.17585106199323142,0.2189063867062887,0.8022609591647298,0.19193272498713432,0.2247616668347808,0.9991368554403821,0.2137896218128991,0.23067953819812465,1.360747537394158,0.0,0.15035382812099476,1.4812540673507302,0.0,0.15606423863306976,2.467216727219623,0.0,0.16190514514645732,4.301897352302586,0.0,0.16785420673587334,6.165864709854297,0.0,0.17389295877704514,7.790277167453107,0.0,0.18000620434044898,3.882956320081343,0.0,0.18618146129381988,0.1315805653294648,0.0,0.19240848170302788,0.0,0.0,0.06766753321601238,8204.131111063323,0.06390929340073193,8166.0010310799535,0.0663648058232631,8165.870934113418,0.02060526507027774,4059.120400678668,0.02060742929540323,4059.1197129582306,0.020607935455072203,4059.119552659397
84,228,0.22083820647704305,1.0091829017297413,0.39231615585059587,0.16130791996174568,0.7615205550986045,0.45351619647463504,0.16587979826763477,1.0308244138264526,0.4865627062114566,0.2075005404012842,0.684634354028005,0.17825509965498257,0.21359361430710486,0.8010686034049045,0.19339145866351434,0.21977693172870597,0.9955229479053402,0.2149637320437215,0.22604019184819543,1.3328189682792262,0.0,0.14638850053433042,1.4411303035667902,0.0,0.15236710388632632,2.407350572010979,0.0,0.15851692669792952,4.209946490799195,0.0,0.16480682342379357,6.051853937539158,0.0,0.17121127012009205,7.668257758918693,0.0,0.17770949707653452,3.8327732171380453,0.0,0.18428466735317947,0.13022624094313567,0.0,0.1909231515973827,0.0,0.0,0.06672856271675122,8202.79653980899,0.06138194666415552,8164.773392146671,0.0638179087511778,8164.594575938394,0.020220055762261453,4058.715999563423,0.020221234219819133,4058.715288273834,0.0202215098671572,4058.715122462054
85,229,0.2600532064770431,6.4047821870426396e-06,0.40199781461167633,0.2600532064770431,0.0005216521433335196,0.4678579721730256,0.2600532064770431,0.01609355779743009,0.5011078452861426,0.30142281988300007,0.4350747525978296,0.18082935867321073,0.30142281988300007,1.5233973880494454,0.1951564279807053,0.30142281988300007,1.477265360554858,0.21640362925030968,0.30142281988300007,1.1964159943467871,0.0,0.21431242743356874,1.033802569751614,0.0,0.21431242743356874,1.4787360638503586,0.0,0.21431242743356874,2.7646237799052753,0.0,0.21431242743356874,5.390399035456428,0.0,0.21431242743356874,8.457121527111422,0.0,0.21431242743356874,6.838673795934004,0.0,0.21431242743356874,1.3338843486655279,0.0,0.21431242743356874,0.017543500176938696,0.0,0.0640483715750821,8201.515572377486,0.05917875680797123,8163.589817010511,0.06154644743175312,8163.363646989758,0.019492364872619412,4058.326152265971,0.01949423056890187,4058.325403662456,0.01949466674489479,4058.325229127156
86,230,0.2578782064770431,0.08503942532528067,0.38314839330717376,0.2542927910310615,0.09844522062403191,0.4363593979982387,0.25464253807487824,0.11967489682813624,0.46377103056000835,0.2963404866661529,0.45473582632365234,0.1739060434966667,0.29669171342753137,1.504246114933398,0.21021721173194138,0.2970429401889098,1.4655323173143395,0.2265569835899387,0.2973941669502883,1.180208733613344,0.0,0.21060054638884054,1.0155815716181749,0.0,0.2109550638957112,1.4552018833893456,0.0,0.21130958140258185,2.725336685162306,0.0,0.2116640989094525,5.322954685679972,0.0,0.21201861641632316,8.365624663010673,0.0,0.2123731339231938,6.776226180894231,0.0,0.21272765143006445,1.3239471924331137,0.0,0.2130821689369351,0.017442210424440635,0.0,0.06618359923859106,8200.191900392714,0.06643681112954895,8162.26108078792,0.06658648172186458,8162.031917355322,0.020199428373120838,4057.922163698508,0.020201915480548185,4057.921365352845,0.020202497039508032,4057.9211791863663
87,231,0.25571820647704313,0.16199595638658545,0.3702144774083804,0.24863725978719176,0.18288229897733016,0.41376174373377966,0.2493283595069658,0.2083531040888661,0.4367223487173609,0.29133658317653177,0.4713725411231093,0.1689265628222078,0.29203258554848327,1.4881869791957976,0.22174672353154745,0.2927287464732867,1.45558591479749,0.23437430460534783,0.29342506460202006,1.164244285373774,0.0,0.20694608889319432,0.9976474337628048,0.0,0.20764859628456064,1.4320301500802586,0.0,0.2083513330826836,2.686641359575697,0.0,0.20905429597192482,5.256503705993431,0.0,0.20975748168672836,8.27544526007267,0.0,0.21046088701080748,6.714657412577765,0.0,0.21116450877634546,1.3141466897835155,0.0,0.2118683438632105,0.017342281421512114,0.0,0.06402261516251145,8198.911448089466,0.06407867021601012,8160.9795073836,0.06418027324756637,8160.74831189037,0.01946763048300666,4057.5328110888477,0.019469324665199475,4057.531978859541,0.019469720767119905,4057.5317847710235
88,232,0.2545482064770431,0.2301371003875299,0.36207005847534285,0.24565126807150084,0.2557448049358302,0.39840604109875283,0.24651915705195185,0.2843961320333358,0.41805875770219486,0.2886622206299397,0.48844247321181317,0.1656105252715219,0.2895408541601497,1.4846175148570413,0.2306305745059439,0.29041999377437594,1.4560091348728708,0.24050113683108962,0.2912996323586125,1.155749518925562,0.0,0.20497824272375584,0.9880697505175345,0.0,0.20586644516846608,1.4196333064462308,0.0,0.20675539126924036,2.6659032145766663,0.0,0.2076450632448252,5.220829190371202,0.0,0.20853544378225886,8.226950349084154,0.0,0.2094265160233618,6.681493289189336,0.0,0.2103182635516463,1.3088590350548979,0.0,0.2112106703796317,0.017288280557752774,0.0,0.059996725067906896,8197.711513588107,0.05972981252664109,8159.784911133068,0.059753719149459435,8159.553237507381,0.018121009384985412,4057.1703909011476,0.018121429767869367,4057.1695502641837,0.01812152803049685,4057.1693542104135
89,233,0.2525032064770431,0.2978414586959815,0.3563594091321678,0.24046912075285332,0.32412721627863694,0.38647574482382413,0.24164566997920583,0.35543019833078965,0.4033301910789361,0.28404955238795343,0.5019587438125985,0.16298184306257357,0.28524411665081223,1.4737526556515708,0.2379527693955957,0.2864396453791891,1.449548455464876,0.24555017938925272,0.2876361220395035,1.1410291831802917,0.0,0.2016089102270871,0.9715569113000404,0.0,0.20281595759656187,1.3982810725821193,0.0,0.2040244365178766,2.6302189545204637,0.0,0.20523430519024266,5.159503399779711,0.0,0.20644552311947975,8.143666036271723,0.0,0.20765805107537738,6.6245921162228445,0.0,0.20887185105043052,1.2997953433170604,0.0,0.2100868862199112,0.017195803125252443,0.0,0.06199370896527654,8196.471639408801,0.061963455779762436,8158.545642017471,0.06204117403212049,8158.312414026739,0.018819384324203832,4056.794003214664,0.01882067778569289,4056.79313670847,0.018820980097088002,4056.792934608472
90,234,0.2503782064770431,0.3664266856352713,0.3526802925191909,0.23520820781635132,0.3911700417383509,0.3773547027180315,0.2366951949023511,0.4248141629782217,0.3918326285992754,0.2793500674829272,0.5154079161739034,0.16090809466986147,0.2808653226742605,1.464593820610045,0.24395755578756995,0.28238222077328223,1.444410547899316,0.2496830437807875,0.2839007262244976,1.1260162041987554,0.0,0.1981784173928661,0.9547391414031018,0.0,0.1997087910426057,1.376525935218986,0.0,0.20124163515808105,2.593847868202019,0.0,0.20277685869860204,5.096975537331451,0.0,0.20431437427555837,8.058721623916894,0.0,0.20585409799737006,6.566539090051096,0.0,0.20739594932105504,1.2905455474492242,0.0,0.20893985091015846,0.017101401826130708,0.0,0.06490611032631294,8195.173517202276,0.06517155189313872,8157.242210979608,0.06532021737100795,8157.006009679319,0.01981983767770132,4056.39760646111,0.019822298839876705,4056.396690731672,0.019822874230093226,4056.3964771238698
91,235,0.24824320647704312,0.43507129527754645,0.3509607676417614,0.23008225541647412,0.4555185692991544,0.3713335804214896,0.23186790517132053,0.4913938988766681,0.3835726036410566,0.27474915461869276,0.5286415728091179,0.15942182851548414,0.27657691994541267,1.4574779095400927,0.24874491109382274,0.27840726185108516,1.4408624014214277,0.25298948178849573,0.2802401114880297,1.1113077048026307,0.0,0.19482138688496933,0.9382877215871357,0.0,0.19666652484930147,1.3552322335067495,0.0,0.1985155925454879,2.558228803076531,0.0,0.2003684114211226,5.035709408757597,0.0,0.2022248118537735,7.97545191176536,0.0,0.20408463267647486,6.509605537309927,0.0,0.20594772072853548,1.281470404713227,0.0,0.20781393043045313,0.017008747697950622,0.0,0.06692508476484557,8193.835015506978,0.06704219733103471,8155.901367032989,0.0671639752855923,8155.662730173607,0.020378343013316647,4055.9900396008443,0.020380382271322828,4055.9890830862455,0.020380859190281726,4055.9888599400647
92,236,0.2600532064770431,0.46748699025649015,0.3518519327998194,0.23763775570726642,0.5276643756013607,0.37051655662335253,0.22790212828767692,0.5418923175002646,0.3809014913034217,0.27093657596755594,0.5388093133594164,0.1589146733178874,0.27302095721056774,1.4520959328596483,0.25224352275818046,0.2751091255613917,1.4381552228660808,0.2555224968316916,0.2772009600130429,1.0991236472508237,0.0,0.1920373766189009,0.9246851474663255,0.0,0.19414090451657662,1.3376017290387099,0.0,0.19625029219152365,2.528699386593037,0.0,0.1983652219028292,4.984856339817235,0.0,0.20048539491731854,7.906256666211798,0.0,0.20261053030800708,6.462244598439909,0.0,0.2047403638277151,1.2739135551140461,0.0,0.20687464685381887,0.016931522007829738,0.0,0.05673567701939188,8192.700301966592,0.05637901078555572,8154.773786817276,0.05637816353143985,8154.535166902979,0.01709954986828179,4055.6480486034784,0.01709956283727608,4055.6470918295,0.017099565830289144,4055.646868623459
93,237,0.2585032064770431,0.5244328881770225,0.35315134226104516,0.23417659542271374,0.5787862782637071,0.3695319372220877,0.22473383449018114,0.5925795973696844,0.3805222498013264,0.2678559754183606,0.5504352575321684,0.15866920810942492,0.27014525633387865,1.451271117430112,0.2551882666470552,0.2724397672347912,1.4394835878529335,0.2576806853260856,0.27473931634772797,1.08927558182058,0.0,0.18978575219470958,0.9137146523757032,0.0,0.19209546019901108,1.3233588632625297,0.0,0.19441336710551746,2.5048068353381634,0.0,0.19673896384350337,4.943651168056457,0.0,0.19907177595059225,7.850113929122151,0.0,0.20141136112615446,6.423769486982871,0.0,0.20375730695005106,1.2677673731652863,0.0,0.20610922875828225,0.0168686442152736,0.0,0.058245307381758094,8191.535395818955,0.05793623079086352,8153.615062201459,0.05794762709387948,8153.376214361101,0.017577302701576248,4055.296502549447,0.01757751451445025,4055.295541539211,0.01757756397529551,4055.295317343953
94,238,0.2561982064770431,0.5898347166468664,0.35492065965732855,0.22929434236789983,0.6339741145205322,0.3694104568173477,0.22023063465090875,0.6464075748683095,0.3821123559983015,0.2635176334132006,0.5621588113029959,0.15837950196467776,0.26609797102701366,1.4472899319542565,0.2575941582787014,0.26868514736141125,1.438154830518878,0.2593927772861413,0.271278884363409,1.0753807883798192,0.0,0.18662680632395584,0.8982486258973895,0.0,0.1892283918012942,1.3033081703428184,0.0,0.19184081967110755,2.471217871274161,0.0,0.1944633450383249,4.88580033986025,0.0,0.1970952783669712,7.7713919458224225,0.0,0.19973598129178338,6.369887087880141,0.0,0.20238486271796985,1.2591701885954791,0.0,0.20504137519761376,0.01678079247426977,0.0,0.06717114586612734,8190.191972901633,0.06739017093603264,8152.267258782738,0.06753494632854476,8152.0255154345305,0.020495770230433995,4054.886587144839,0.020498186262319036,4054.8855778139646,0.02049875127419661,4054.8853423184682
95,239,0.25460820647704313,0.6363857012528384,0.35830014125957993,0.2261930186843568,0.6717656893338788,0.372310929905488,0.21740120372293764,0.6835960796463733,0.3858380379637598,0.2607299061767014,0.570664370312206,0.15882263269681934,0.2634929722752303,1.4460440536963612,0.25948989714519505,0.2662647498589144,1.4385336619143312,0.2608989810554585,0.26904484716844324,1.0664512708466771,0.0,0.18459349689397564,0.8883543585898421,0.0,0.18737795910772723,1.2904374780816825,0.0,0.19017639805256234,2.4495898012759736,0.0,0.19298775385943534,4.848443337982481,0.0,0.19581105329429416,7.720423340023517,0.0,0.19864540259905727,6.3349159129009,0.0,0.20148998086080605,1.253577808507687,0.0,0.2043440338894317,0.01672352659988329,0.0,0.04993046620822338,8189.1933635774685,0.04938444233325063,8151.279569936074,0.049327045334397704,8151.038974527843,0.014959298391842627,4054.5874011770015,0.014958357847270067,4054.586410657019,0.014958137638289811,4054.586179565703
96,240,0.25582320647704315,0.6845117574510964,0.36201464054000687,0.22392202566731761,0.7125672032340145,0.376081631156397,0.21534851854905332,0.7239667075340854,0.39030456941637426,0.25866543314490853,0.5811539807050354,0.15935483061156738,0.26156093597202273,1.4492467164288922,0.26118184921341553,0.26446711171981907,1.4429639194705677,0.262266500281412,0.2673834415532697,1.0598248016853824,0.0,0.18308648071027303,0.8810421616976194,0.0,0.18600307733402804,1.2808989317622217,0.0,0.18893697245746602,2.4335205044215855,0.0,0.1918867510156264,4.820624065026369,0.0,0.1948511217363673,7.6823887732291265,0.0,0.19782890635677092,6.308769910613673,0.0,0.200819029642324,1.2493895124105574,0.0,0.2038205101905325,0.016680571342357804,0.0,0.05184055547868477,8188.1565524678945,0.051385190270474446,8150.251866130664,0.05135314350901234,8150.011911657662,0.015576422306018467,4054.2758727308815,0.015575910145548573,4054.2748924541083,0.015575790230491014,4054.2746637610926
97,241,0.25402820647704316,0.7332435173150506,0.3660580133669752,0.22104752785298254,0.7509108385613276,0.380775416867213,0.21272329645398158,0.7620414932047053,0.3955625853092692,0.25606947788559026,0.5905065562051071,0.15996482020349875,0.25913437381087806,1.4500745890480404,0.262636611420258,0.2622118810286079,1.4452064642796338,0.26346671661136106,0.2653013498599636,1.051507269878199,0.0,0.1811974363652008,0.8718570002145911,0.0,0.18428282538257784,1.2689419364079344,0.0,0.18738882416369146,2.4134155134564113,0.0,0.19051364947661426,4.785880064578782,0.0,0.19365568140721678,7.63496523627428,0.0,0.1968134487569297,6.276219856784302,0.0,0.19998561548624494,1.244182843403049,0.0,0.20317096820786754,0.016627243194752513,0.0,0.05277513269092244,8187.101049814076,0.05230363128783318,8149.205793504908,0.05226728795215517,8148.966565898619,0.015854129151656626,4053.958790147848,0.01585353702832117,4053.9578217135418,0.015853398310507066,4053.9575957948828
98,242,0.25234320647704317,0.7812084246439451,0.3703934880338397,0.21868605023785612,0.7892522742003478,0.38612019297549705,0.21057409051190512,0.8002277844448771,0.40134738970578016,0.25392252925618325,0.6004989659899721,0.16067645045932505,0.2571260183859472,1.4531504507467912,0.2639306236904099,0.26034404072606265,1.4494325873965435,0.2645678619896521,0.26357580933046393,1.0446234120012285,0.0,0.17963600441842278,0.8642786454322938,0.0,0.1828590518007754,1.259061725457988,0.0,0.18610602756913378,2.396780258583946,0.0,0.18937475924601865,4.757098023761663,0.0,0.19266328154661436,7.5956378752153455,0.0,0.19596981738494412,6.249201328934876,0.0,0.19929276019523973,1.239857354282495,0.0,0.20263065760977708,0.0165829069831391,0.0,0.05230038199575909,8186.055042174162,0.05179490973828119,8148.169895310142,0.05174880514179276,8147.931589795783,0.015696851215084413,4053.6448531235465,0.0156960913068065,4053.643899887406,0.015695913277513115,4053.6436775293323
99,243,0.2506682064770432,0.8394749547248498,0.3749396761059461,0.21667179105663942,0.838445896209057,0.39230100429290315,0.20874368713673846,0.8492990292501204,0.4080360886040174,0.25208280967214,0.6144891395950699,0.161355278845996,0.2554042801075118,1.4612653827275994,0.2650722657068994,0.2587421051657548,1.458544505143479,0.2655350021358108,0.2620953621107505,1.038722850413682,0.0,0.17829911581828728,0.8577982752794966,0.0,0.18163901635404026,1.2506048423195537,0.0,0.18500601800237362,2.382529472353682,0.0,0.18839756083553438,4.732423454692291,0.0,0.19181133731297412,7.561901288112309,0.0,0.19524526868944672,6.226010750739702,0.0,0.19869748299345671,1.2361428693008627,0.0,0.2021662946742878,0.01654481711569585,0.0,0.06281271815301104,8184.798787811102,0.0627116073617914,8146.915663162906,0.06277687273085066,8146.676052341167,0.019051489275873204,4053.2638233380285,0.01905259133233689,4053.262848060759,0.019052849006574498,4053.2626205492006
100,244,0.24874820647704318,0.9026634096549793,0.3798680102881244,0.2147222487483996,0.8923731999081735,0.3992568324556263,0.20696599993257678,0.9032487899802015,0.4154693764185719,0.2503049169562496,0.630198161828045,0.16213291462264665,0.25374097677491225,1.4714833553715174,0.2661298691629212,0.257195053932132,1.4697017842210967,0.2664595073209748,0.26066609733113427,1.033027403245526,0.0,0.17700875468226415,0.8515450842497354,0.0,0.18046203898490407,1.2424483701583067,0.0,0.1839453421991017,2.3687911991704853,0.0,0.18745573626538717,4.708646573948241,0.0,0.1909905896233574,7.529405378111889,0.0,0.1945475390897061,6.203681647994838,0.0,0.1981244635273088,1.2325676726066308,0.0,0.20171945947870076,0.016508168164667783,0.0,0.06811678911230773,8183.436452028855,0.06849569067843893,8145.545749349338,0.06867790865352649,8145.302494168095,0.02085131763583192,4052.8467969853114,0.020854350532810612,4052.8457610501027,0.020855059803964283,4052.845519353121
101,245,0.2478382064770432,0.9528903470725993,0.38532933574123474,0.21399787494415295,0.9379117832313614,0.40601653958754297,0.2063310706917054,0.9488074159995301,0.4224449557585532,0.24960965383980824,0.64405927581793,0.16330057119902552,0.2530864660366616,1.4831531468401986,0.2674387184136011,0.25658277591164885,1.4817500122992249,0.2676882132838536,0.26009741411077286,1.030768767370934,0.0,0.17650320326304358,0.8491060360176693,0.0,0.17999602523026392,1.2392316434045725,0.0,0.18352148244420494,2.3633202578740775,0.0,0.18707630604178174,4.699096445125229,0.0,0.1906575656990535,7.516253672762564,0.0,0.1942626371048676,6.194583443413863,0.0,0.19788917142739654,1.231102137964792,0.0,0.2015350670323492,0.016493064185209072,0.0,0.055688262870730434,8182.32268677144,0.055318936196534836,8144.439370625407,0.05531371436208658,8144.196219880852,0.016784125502372876,4052.511114475264,0.016784066083783026,4052.5100797284267,0.016784052147224966,4052.5098383101767
102,246,0.2600532064770431,0.8450155334987157,0.3907678593280275,0.25130230492001593,1.1317653957265434,0.4124481828848596,0.20590257721513192,0.9900704885682546,0.4290057574305611,0.24912517968952033,0.6566585208475069,0.16455919315730194,0.25262943449795483,1.4942409755297237,0.26877781274969215,0.2561544153701935,1.4930994483694418,0.2689709125963287,0.25969885413045596,1.0291868459527198,0.0,0.17615090523713733,0.8474078421885124,0.0,0.17967011729251647,1.2369837713856777,0.0,0.18322414107496865,2.3594849942603564,0.0,0.1868094224948757,4.692383124620408,0.0,0.19042278102208632,7.506986392970245,0.0,0.19406137363682055,6.1881589637579495,0.0,0.1977226608675402,1.2300653751307629,0.0,0.20140437527216082,0.01648236179810178,0.0,0.050209338264038395,8181.318500006159,0.049816657738905666,8143.443037470629,0.04979838953713668,8143.20025209011,0.015110370130152309,4052.2089070726615,0.0151100932040448,4052.2078778643463,0.015110028401450397,4052.2076377421477
103,247,0.2585382064770431,0.8954057501927882,0.3934637894860343,0.25042766705298336,1.1760446620972567,0.4168878526968295,0.20519320138798505,1.0325420885628231,0.4357630008522746,0.24839444508542619,0.6694067388886901,0.1658559655943457,0.2519443374336647,1.5048258243563066,0.2701062234706803,0.2555159463839891,1.504060318366964,0.2702555554505811,0.2591079237916546,1.0268396474469041,0.0,0.1756209286755077,0.8448505940411069,0.0,0.17918490489516894,1.2336341596449723,0.0,0.18278545082598915,2.3538221635759777,0.0,0.1864187813501832,4.68255022097271,0.0,0.19008151307963023,7.493508523613737,0.0,0.19377062559010635,6.178873783788125,0.0,0.1974834247619509,1.2285752447549034,0.0,0.20121750868138008,0.016467054965324603,0.0,0.053086146852079366,8180.2567770691185,0.052671713778499,8142.389603195058,0.05265162773374985,8142.147219535435,0.01597676920255197,4051.8893716886105,0.015976459046734,4051.8883486834116,0.015976386421873493,4051.8881100137105
104,248,0.2570382064770431,0.944871272083815,0.39669363407635744,0.24975450690102183,1.2204865665038953,0.42149210045131924,0.20464955442708388,1.07527652385476,0.44246270476934074,0.24783235493610706,0.6823749735588098,0.16720161217290733,0.2514172124560233,1.516160678052749,0.2714478062511694,0.2550245799296108,1.5156835319317137,0.2715657333293162,0.2586530443968558,1.0250337990043497,0.0,0.1752134256625068,0.8428856808998589,0.0,0.17881163875759656,1.2310589701262842,0.0,0.18244783353868124,2.349466446995198,0.0,0.18611803730279863,4.674983790948276,0.0,0.18981870211543111,7.483133485862568,0.0,0.19354666383703398,6.171723924538703,0.0,0.19729910325521796,1.2274274805911953,0.0,0.20107350986487832,0.016455262082075737,0.0,0.0526953664813499,8179.202869739492,0.052215930409673365,8141.345284586865,0.052177064157074154,8141.103678252292,0.015832112933621068,4051.5727294299386,0.015831476146925573,4051.571719160473,0.015831326952332973,4051.5714834746636
105,249,0.2556482064770431,0.9825327679383206,0.4002483395893588,0.2492770428896388,1.2541708604545647,0.42588983044493606,0.20426960796723825,1.1078882970232617,0.4481413904763198,0.2474352684230011,0.6922054071990906,0.1684949813692689,0.25104454640908896,1.5248528711366038,0.27272167372362127,0.2546769539294773,1.5245750123524757,0.2728216347261292,0.258331026951575,1.0237560633441118,0.0,0.17492560484952052,0.8414988053641717,0.0,0.1785476527155214,1.2292388264271534,0.0,0.18220878733159945,2.346384098163152,0.0,0.18590488798451663,4.6696236865485306,0.0,0.18963227700164875,7.475776911161215,0.0,0.19338767703749227,6.166650061253055,0.0,0.19716817045388363,1.2266123869678252,0.0,0.20097116141142915,0.016446881921393115,0.0,0.041216201367506845,8178.37854571214,0.040419737859401964,8140.536889829677,0.04029049947211858,8140.29786826285,0.012218884797303011,4051.328351733993,0.012216743211991192,4051.327384296234,0.01221624197764899,4051.32715863511
106,250,0.2541382064770431,1.021710201768131,0.40397638862956464,0.24888975015321604,1.2896573110896081,0.43033072119321353,0.2039576327466724,1.1421728827135789,0.45385521772527326,0.24711179253961366,0.7026351215003127,0.16980005202725473,0.25074112937790416,1.5343720091077633,0.2739951332639456,0.2543940674622737,1.5342571904659825,0.27408119285962695,0.2580691036465169,1.022717017724565,0.0,0.17469122766616732,0.8403697954966971,0.0,0.178332879505423,1.2277584063864881,0.0,0.18201446067355376,2.343878995114744,0.0,0.18573173700204673,4.665270365236074,0.0,0.18948093140578873,7.46980572502263,0.0,0.1932586798430749,6.162533917245959,0.0,0.19706198935191746,1.225951462680184,0.0,0.20088819884152997,0.016440089707620002,0.0,0.042905482870016165,8177.5204360547405,0.04187893346048831,8139.699311160466,0.041693047708127,8139.4640073086875,0.012640900176446762,4051.075533730464,0.012637792722583707,4051.0746284417824,0.012637065243995427,4051.07441733023
107,251,0.2524782064770431,1.0713994781281537,0.4079644738505808,0.24857827772862776,1.3365052761884122,0.4350674401544628,0.20370338507903998,1.1874219421782992,0.4603385506403586,0.2468504709363521,0.7166335104764108,0.17118920033836102,0.250496162069315,1.5476614249287153,0.2753358464850187,0.2541658053410188,1.5476818257966456,0.275409130583096,0.2578578683624489,1.02187921540683,0.0,0.17450194210811007,0.8394582304803233,0.0,0.17815960450847645,1.2265643094715075,0.0,0.18185782377199178,2.341860176590383,0.0,0.1855922808430928,4.661764827814679,0.0,0.18935912428634158,7.4650006990085735,0.0,0.19315492525515351,6.159223666853479,0.0,0.19697663451974634,1.2254202276857282,0.0,0.20082154228113278,0.01643463292335232,0.0,0.05367736158103897,8176.446888823119,0.053200644606741114,8138.635298268332,0.05315796904044988,8138.400847927878,0.016131363036297922,4050.752906469738,0.016130634991260776,4050.7520157419576,0.016130464153119566,4050.7518080471673
108,252,0.2509282064770431,1.122914445403177,0.4122790195309058,0.2483694360642201,1.3859320800902906,0.4399981808986429,0.20353483715931722,1.2353471207158793,0.4669048285930226,0.2466758230915322,0.7315122087016432,0.17264108961560087,0.2503323508584254,1.5620863936860474,0.27673598143223566,0.25401308483260315,1.562198447722731,0.2767998221767411,0.2577164713602187,1.0213185579644195,0.0,0.17437544780572345,0.8388492761545651,0.0,0.17804369485213287,1.225765793985114,0.0,0.18175295358883697,2.3405089396459884,0.0,0.18549884319365087,4.659416649571285,0.0,0.18927745815387526,7.4617798308613965,0.0,0.19308532251234833,6.157003410776085,0.0,0.19691934615856163,1.2250637247926595,0.0,0.2007767839275685,0.01643096921733665,0.0,0.055829512955348125,8175.330298564012,0.05548134631341275,8137.525671342063,0.05547476480728995,8137.291352631732,0.016837967984928367,4050.416147110039,0.01683785451839836,4050.4152586515897,0.016837827612959603,4050.4150514949083
109,253,0.2518332064770431,1.189523099281911,0.41666757934630005,0.24822062633121483,1.4511094572043106,0.4449863120535591,0.20341428147550114,1.298521057883954,0.47409796985868613,0.2465512081206585,0.7512672598855323,0.1741057881690992,0.2502154877804903,1.5815456578394211,0.27813836624030314,0.25390415102231767,1.5817257696037492,0.2781938905597886,0.25761562930585236,1.0209187690935924,0.0,0.1742852031366116,0.8384149210056547,0.0,0.17796102471538097,1.2251963759005833,0.0,0.18167817572475117,2.3395455974135917,0.0,0.18543223208549695,4.657742890360773,0.0,0.18921925042159055,7.459484433951227,0.0,0.1930357218003232,6.155421362902937,0.0,0.19687852750648815,1.2248097334072936,0.0,0.20074489763905887,0.016428359324726086,0.0,0.07099721369412822,8173.910354290129,0.07099638274480045,8136.105743687168,0.07109922032568355,8135.869368225217,0.021589479714684768,4049.984357515745,0.021591221001869096,4049.983434231552,0.021591628338738057,4049.9832189281333
110,254,0.25027820647704313,1.232429206341395,0.42172919143162846,0.248124792337597,1.4925179210701953,0.45035205197786443,0.20333698671969694,1.3392007732363111,0.48017774573452515,0.24647105388579,0.7637597765482538,0.17570770330962845,0.2501403027468812,1.5938430933412464,0.2797029641917966,0.25383405284761346,1.5940652607004957,0.27975467923983877,0.25755072575352816,1.02066149451378,0.0,0.17422715946334436,0.8381356035795591,0.0,0.17790783191785717,1.2248300535074226,0.0,0.18163004466809157,2.3389256294897134,0.0,0.1853893448760638,4.656665387255305,0.0,0.1891817639973153,7.458006334833969,0.0,0.19300377118462603,6.154402369847966,0.0,0.1968522287179994,1.2246461029910793,0.0,0.20072435026669638,0.016426677617370194,0.0,0.04796771914481253,8172.950999907233,0.04733467021174491,8135.159050282932,0.047253099743276857,8134.924306230352,0.014338749549487174,4049.6975825247555,0.014337400925626064,4049.6966862130394,0.014337085193910743,4049.696477224255
111,255,0.24886820647704314,1.267931810398351,0.4264798488041248,0.2480718680048872,1.526731884553324,0.4552833346958825,0.20329500800439082,1.3729318552779934,0.48550509917660567,0.24642700911084026,0.7740802871249114,0.17718289851103317,0.2500989549369732,1.6040630486979524,0.2811495885655402,0.25379547362214094,1.6043083537034797,0.28119885789029925,0.2575149807016748,1.0205198188802043,0.0,0.17419526349591574,0.8379821370307218,0.0,0.17787856062520285,1.2246284982507238,0.0,0.1816035264445051,2.3385840934303133,0.0,0.18536569058501542,4.656071155830723,0.0,0.1891610691616396,7.457190404704943,0.0,0.19298611797168275,6.153839402020458,0.0,0.19683768771485224,1.224555634630856,0.0,0.20071298205103313,0.016425747224069885,0.0,0.040253261429452375,8172.145934678645,0.03946366406797438,8134.369777001572,0.03933496921938819,8134.137606845964,0.011932215276737348,4049.4589382192207,0.011930083115592752,4049.4580845507276,0.011929584103831388,4049.4578855421787
112,256,0.24791820647704313,1.2938626465960215,0.4304689603342264,0.2480534065519097,1.5515661707240942,0.4593372380464232,0.20328159703908172,1.397486297531445,0.48968843566685993,0.2464120348231987,0.7815605817982717,0.17839528961079273,0.250084839110565,1.6115161580954558,0.2823427856213878,0.2537822526825595,1.6117693094571164,0.28239049727733123,0.25750268800559284,1.0204711011752503,0.0,0.17418441558217598,0.8379299489063847,0.0,0.1778685343320952,1.2245594670175295,0.0,0.18159438708389988,2.338466396161809,0.0,0.18535749454606934,4.65586527615684,0.0,0.18915386502583856,7.456906389295781,0.0,0.19297994752360784,6.153642635739926,0.0,0.1968325868460676,1.2245239005683621,0.0,0.20070898155996517,0.016425419829378604,0.0,0.029919947727772015,8171.547535724089,0.02900181702309624,8133.78974066111,0.028828354288915573,8133.561039760186,0.008739726092742955,4049.284143697366,0.00873684643019939,4049.283347622124,0.008736172552367662,4049.283162091131
113,257,0.24728820647704314,1.3250892433336794,0.4348113759297998,0.24805004791485946,1.5822089739539185,0.4638014681206046,0.20327948907852375,1.427817390660546,0.4944197530404592,0.2464094156663748,0.7908574396351364,0.17973586865073227,0.25008235396497713,1.6208253188963972,0.28366252290928157,0.2537799112537798,1.6210810552035126,0.28370859852437125,0.2575004991813729,1.0204624268935727,0.0,0.17418251702933868,0.8379208156460032,0.0,0.177866759967627,1.224547251048633,0.0,0.18159275431097038,2.3384453700771357,0.0,0.1853560183900226,4.655828197330159,0.0,0.18915255843130035,7.456854879798681,0.0,0.1929788216238409,6.153606733433387,0.0,0.19683165120386464,1.2245180797756547,0.0,0.2007082443808338,0.01642535950063247,0.0,0.035569012333231474,8170.836155477426,0.03512804175641576,8133.087179825982,0.035076902107381444,8132.859501718037,0.01064574430988509,4049.0712288111686,0.010644912222605885,4049.070449377672,0.01064471752841563,4049.0702677405625
